dish_code,dish_name,product_name,product_description,product_allergen,product_nutrient
1599698,Potage Vermicelles,Ail blanc,"""ail""",Aucun,"38.000mg Calcium,1.400mg Fer,7.000g Protides,24.500g Glucides,0.500g Lipides"
1599698,Potage Vermicelles,Carottes,"""carotte bio local""",Aucun,"32.600mg Calcium,0.310mg Fer,0.770g Protides,6.450g Glucides,0.260g Lipides,0.054g Lipides satures"
1599698,Potage Vermicelles,Celeri,Celeri branche,"[""Celeri""]","48.400mg Calcium,0.300mg Fer,0.660g Protides,3.600g Glucides,0.190g Lipides,0.040g Lipides satures"
1599698,Potage Vermicelles,Poireaux,"""poireaux bio local""",Aucun,"50.700mg Calcium,1.500mg Fer,1.590g Protides,4.900g Glucides,0.250g Lipides,0.050g Lipides satures"
1599698,Potage Vermicelles,Eau,"""eau""",Aucun,Non renseigne
1599698,Potage Vermicelles,Echalote,"""echalote""",Aucun,"37.000mg Calcium,1.200mg Fer,1.840g Protides,8.350g Glucides,1.430g Lipides,0.230g Lipides satures"
1599698,Potage Vermicelles,Gros sel,"""sel gros""",Aucun,Non renseigne
1599698,Potage Vermicelles,Huile d'olive,"""huile d'olive extra vierge""",Aucun,"14.000g Lipides satures,100.000g Lipides"
1599698,Potage Vermicelles,Oignon jaune,"""oignon jaune""",Aucun,"0.400mg Fer,25.000mg Calcium,1.100g Protides,6.250g Glucides,0.620g Lipides,0.200g Lipides satures"
1599698,Potage Vermicelles,Pates a potage Vermicelles,Semoule de ble,"[""Oeufs"",""Gluten"",""Soja"",""Moutarde""]","12.000g Protides,72.000g Glucides,2.000g Lipides,35.000g Lipides satures"
1599698,Potage Vermicelles,Persil,"""persil""",Aucun,"218.000mg Calcium,4.670mg Fer,3.630g Protides,3.480g Glucides,0.630g Lipides,0.100g Lipides satures"
1599698,Potage Vermicelles,Poivre gris moulu,"""poivre""",Aucun,"11.400g Protides,48.300g Glucides,2.100g Lipides,0.060g Lipides satures"
1599698,Potage Vermicelles,Sel fin,"""sel""",Aucun,Non renseigne
1599698,Potage Vermicelles,Tomates pelees concassees,"""tomates pelees concassees""",Aucun,"0.100g Lipides,3.300g Glucides,1.100g Protides"
1599699,Filet de colin enrobe aux cereales,Plein filet de colin enrobe aux 3 cereales,"""filet de colin enrobe d'une chapelure aux 3 cereales (sarrasin, millet et lin)""","[""Poisson"",""Lait"",""Oeufs"",""Gluten"",""Soja""]","14.700g Glucides,0.500g Lipides satures,6.000g Lipides,14.400g Protides"
1599699,Filet de colin enrobe aux cereales,Citron jaune,"""citron jaune""",Aucun,"13.700mg Calcium,0.340mg Fer,0.840g Protides,3.100g Glucides,0.700g Lipides,0.150g Lipides satures"
1599700,Haricots verts persilles,Haricots verts, Haricots verts fins issus de l'agriculture biologique,Aucun,"2.300g Protides,5.100g Glucides,0.200g Lipides,0.010g Lipides satures"
1599700,Haricots verts persilles,Ail blanc,"""ail""",Aucun,"38.000mg Calcium,1.400mg Fer,7.000g Protides,24.500g Glucides,0.500g Lipides"
1599700,Haricots verts persilles,Echalote,"""echalote""",Aucun,"37.000mg Calcium,1.200mg Fer,1.840g Protides,8.350g Glucides,1.430g Lipides,0.230g Lipides satures"
1599700,Haricots verts persilles,Huile d'olive,"""huile d'olive extra vierge""",Aucun,"14.000g Lipides satures,100.000g Lipides"
1599700,Haricots verts persilles,Oignon jaune,"""oignon jaune""",Aucun,"0.400mg Fer,25.000mg Calcium,1.100g Protides,6.250g Glucides,0.620g Lipides,0.200g Lipides satures"
1599700,Haricots verts persilles,Persil,"""persil""",Aucun,"218.000mg Calcium,4.670mg Fer,3.630g Protides,3.480g Glucides,0.630g Lipides,0.100g Lipides satures"
1599700,Haricots verts persilles,Poivre gris moulu,"""poivre""",Aucun,"11.400g Protides,48.300g Glucides,2.100g Lipides,0.060g Lipides satures"
1599700,Haricots verts persilles,Sel fin,"""sel""",Aucun,Non renseigne
1599701,Crepes,Creme sucree sous pression,Creme sucree liquide,"[""Lait""]","80.000mg Calcium,2.000g Protides,13.000g Glucides,32.000g Lipides,23.000g Lipides satures"
1599701,Crepes,Crepe nature sucree,"Lait, farine, sucre, oeufs  ","[""Lait"",""Oeufs"",""Gluten""]","53.880g Glucides,1.600g Lipides satures,3.700g Lipides,6.900g Protides"
1599701,Crepes,Pate a tartiner noisette,"Sucre, noisettes, huiles vegetales, lait, cacao","[""Fruits a coques"",""Lait"",""Arachides""]","53.000g Glucides,5.200g Lipides satures,34.000g Protides"
1599702,Pain restaurant,pain solette 400gr,Non renseigne,"[""Gluten""]",Non renseigne
1599709,Potage Vermicelles,Ail blanc,"""ail""",Aucun,"38.000mg Calcium,1.400mg Fer,7.000g Protides,24.500g Glucides,0.500g Lipides"
1599709,Potage Vermicelles,Carottes,"""carotte bio local""",Aucun,"32.600mg Calcium,0.310mg Fer,0.770g Protides,6.450g Glucides,0.260g Lipides,0.054g Lipides satures"
1599709,Potage Vermicelles,Celeri,Celeri branche,"[""Celeri""]","48.400mg Calcium,0.300mg Fer,0.660g Protides,3.600g Glucides,0.190g Lipides,0.040g Lipides satures"
1599709,Potage Vermicelles,Poireaux,"""poireaux bio local""",Aucun,"50.700mg Calcium,1.500mg Fer,1.590g Protides,4.900g Glucides,0.250g Lipides,0.050g Lipides satures"
1599709,Potage Vermicelles,Eau,"""eau""",Aucun,Non renseigne
1599709,Potage Vermicelles,Echalote,"""echalote""",Aucun,"37.000mg Calcium,1.200mg Fer,1.840g Protides,8.350g Glucides,1.430g Lipides,0.230g Lipides satures"
1599709,Potage Vermicelles,Gros sel,"""sel gros""",Aucun,Non renseigne
1599709,Potage Vermicelles,Huile d'olive,"""huile d'olive extra vierge""",Aucun,"14.000g Lipides satures,100.000g Lipides"
1599709,Potage Vermicelles,Oignon jaune,"""oignon jaune""",Aucun,"0.400mg Fer,25.000mg Calcium,1.100g Protides,6.250g Glucides,0.620g Lipides,0.200g Lipides satures"
1599709,Potage Vermicelles,Pates a potage Vermicelles,Semoule de ble,"[""Oeufs"",""Gluten"",""Soja"",""Moutarde""]","12.000g Protides,72.000g Glucides,2.000g Lipides,35.000g Lipides satures"
1599709,Potage Vermicelles,Persil,"""persil""",Aucun,"218.000mg Calcium,4.670mg Fer,3.630g Protides,3.480g Glucides,0.630g Lipides,0.100g Lipides satures"
1599709,Potage Vermicelles,Poivre gris moulu,"""poivre""",Aucun,"11.400g Protides,48.300g Glucides,2.100g Lipides,0.060g Lipides satures"
1599709,Potage Vermicelles,Sel fin,"""sel""",Aucun,Non renseigne
1599709,Potage Vermicelles,Tomates pelees concassees,"""tomates pelees concassees""",Aucun,"0.100g Lipides,3.300g Glucides,1.100g Protides"
1599710,Filet de colin enrobe aux cereales,Plein filet de colin enrobe aux 3 cereales,"""filet de colin enrobe d'une chapelure aux 3 cereales (sarrasin, millet et lin)""","[""Poisson"",""Lait"",""Oeufs"",""Gluten"",""Soja""]","14.700g Glucides,0.500g Lipides satures,6.000g Lipides,14.400g Protides"
1599710,Filet de colin enrobe aux cereales,Citron jaune,"""citron jaune""",Aucun,"13.700mg Calcium,0.340mg Fer,0.840g Protides,3.100g Glucides,0.700g Lipides,0.150g Lipides satures"
1599711,Haricots verts persilles,Haricots verts, Haricots verts fins issus de l'agriculture biologique,Aucun,"2.300g Protides,5.100g Glucides,0.200g Lipides,0.010g Lipides satures"
1599711,Haricots verts persilles,Ail blanc,"""ail""",Aucun,"38.000mg Calcium,1.400mg Fer,7.000g Protides,24.500g Glucides,0.500g Lipides"
1599711,Haricots verts persilles,Echalote,"""echalote""",Aucun,"37.000mg Calcium,1.200mg Fer,1.840g Protides,8.350g Glucides,1.430g Lipides,0.230g Lipides satures"
1599711,Haricots verts persilles,Huile d'olive,"""huile d'olive extra vierge""",Aucun,"14.000g Lipides satures,100.000g Lipides"
1599711,Haricots verts persilles,Oignon jaune,"""oignon jaune""",Aucun,"0.400mg Fer,25.000mg Calcium,1.100g Protides,6.250g Glucides,0.620g Lipides,0.200g Lipides satures"
1599711,Haricots verts persilles,Persil,"""persil""",Aucun,"218.000mg Calcium,4.670mg Fer,3.630g Protides,3.480g Glucides,0.630g Lipides,0.100g Lipides satures"
1599711,Haricots verts persilles,Poivre gris moulu,"""poivre""",Aucun,"11.400g Protides,48.300g Glucides,2.100g Lipides,0.060g Lipides satures"
1599711,Haricots verts persilles,Sel fin,"""sel""",Aucun,Non renseigne
1599712,Crepes,Creme sucree sous pression,Creme sucree liquide,"[""Lait""]","80.000mg Calcium,2.000g Protides,13.000g Glucides,32.000g Lipides,23.000g Lipides satures"
1599712,Crepes,Crepe nature sucree,"Lait, farine, sucre, oeufs  ","[""Lait"",""Oeufs"",""Gluten""]","53.880g Glucides,1.600g Lipides satures,3.700g Lipides,6.900g Protides"
1599713,Pain restaurant,pain solette 400gr,Non renseigne,"[""Gluten""]",Non renseigne
1599727,Puree de pommes,Puree de pommes,"""puree de pommes bio""",Aucun,"10.000g Glucides,0.200g Lipides,0.300g Protides"
1599728,Vache qui rit coupelle,Vache qui rit coupelle,LAIT ecreme,"[""Lait""]","800.000mg Calcium,11.000g Protides,5.500g Glucides,22.000g Lipides,13.000g Lipides satures"
1599729,Pain restaurant,pain solette 400gr,Non renseigne,"[""Gluten""]",Non renseigne
1602677,Tajine d'agneau aux legumes,Courge Muscade,"""courge muscade bio local""",Aucun,"48.000mg Calcium,0.700mg Fer,1.000g Protides,4.030g Glucides,0.100g Lipides,0.021g Lipides satures"
1602677,Tajine d'agneau aux legumes,Chou blanc,Chou blanc Bio,Aucun,"50.900mg Calcium,0.310mg Fer,1.250g Protides,4.250g Glucides,0.200g Lipides,0.041g Lipides satures"
1602677,Tajine d'agneau aux legumes,Ail blanc,"""ail""",Aucun,"38.000mg Calcium,1.400mg Fer,7.000g Protides,24.500g Glucides,0.500g Lipides"
1602677,Tajine d'agneau aux legumes,Pruneau noir,"Pruneaux seches denoyautes,huile vegetale  ","[""Sulfites""]","1.600g Protides,50.000g Glucides,0.200g Lipides,0.100g Lipides satures"
1602677,Tajine d'agneau aux legumes,Carottes,"""carotte bio local""",Aucun,"32.600mg Calcium,0.310mg Fer,0.770g Protides,6.450g Glucides,0.260g Lipides,0.054g Lipides satures"
1602677,Tajine d'agneau aux legumes,Concentre de tomate,"""concentre de tomate""",Aucun,"4.800g Protides,14.500g Glucides,1.000g Lipides,0.100g Lipides satures"
1602677,Tajine d'agneau aux legumes,Herbes de provence,Assortiments d'herbes   ,"[""Celeri""]","8.800g Protides,22.000g Glucides,12.000g Lipides,5.900g Lipides satures"
1602677,Tajine d'agneau aux legumes,Huile d'olive,"""huile d'olive extra vierge""",Aucun,"14.000g Lipides satures,100.000g Lipides"
1602677,Tajine d'agneau aux legumes,Melange raz el hanout,Epices melanges,"[""Gluten"",""Moutarde"",""Celeri""]","29.000g Glucides,2.100g Lipides satures,14.000g Lipides,12.000g Protides"
1602677,Tajine d'agneau aux legumes,Oignon jaune,"""oignon jaune""",Aucun,"0.400mg Fer,25.000mg Calcium,1.100g Protides,6.250g Glucides,0.620g Lipides,0.200g Lipides satures"
1602677,Tajine d'agneau aux legumes,Paprika,Paprika,Aucun,"14.000g Protides,19.800g Glucides,13.200g Lipides,2.200g Lipides satures"
1602677,Tajine d'agneau aux legumes,Poivre gris moulu,"""poivre""",Aucun,"11.400g Protides,48.300g Glucides,2.100g Lipides,0.060g Lipides satures"
1602677,Tajine d'agneau aux legumes,Saute d'Agneau,"Epaule desossee, degraissee et gigot desosse",Aucun,"15.000mg Calcium,1.660mg Fer,19.600g Protides,6.760g Lipides,2.420g Lipides satures"
1602677,Tajine d'agneau aux legumes,Sel fin,"""sel""",Aucun,Non renseigne
1602677,Tajine d'agneau aux legumes,Tomates pelees concassees,"""tomates pelees concassees""",Aucun,"0.100g Lipides,3.300g Glucides,1.100g Protides"
1602677,Tajine d'agneau aux legumes,Vin blanc de cuisine,"""vin blanc""","[""Sulfites""]","5.640mg Calcium,0.490mg Fer,0.070g Protides,2.580g Glucides"
1602678,Semoule au beurre,Semoule,"""semoule de ble dur""","[""Gluten"",""Moutarde"",""Soja""]","11.500g Protides,71.000g Glucides,1.400g Lipides,0.300g Lipides satures"
1602678,Semoule au beurre,Beurre rouleau doux,"""beurre""","[""Lait""]","16.500mg Calcium,0.087mg Fer,0.700g Protides,1.000g Glucides,82.000g Lipides,57.000g Lipides satures"
1602678,Semoule au beurre,Eau,"""eau""",Aucun,Non renseigne
1602678,Semoule au beurre,Huile d'olive,"""huile d'olive extra vierge""",Aucun,"14.000g Lipides satures,100.000g Lipides"
1602678,Semoule au beurre,Sel fin,"""sel""",Aucun,Non renseigne
1602679,Tomme noire des pyrenees,Tomme Noire des Pyrenees,Lait pasteurise de vache,"[""Lait""]","650.000mg Calcium,1.500g Glucides,20.000g Lipides satures,28.000g Lipides,22.000g Protides"
1602680,Pomme,Pomme golden,"""pomme bio local""",Aucun,"5.340mg Calcium,0.099mg Fer,0.250g Protides,11.600g Glucides,0.250g Lipides,0.052g Lipides satures"
1602680,Pomme,Citron pulco,"""citron, eau""",Aucun,"0.200g Protides,2.200g Glucides"
1602681,Pain restaurant,pain solette 400gr,Non renseigne,"[""Gluten""]",Non renseigne
1602688,Tajine d'agneau aux legumes,Courge Muscade,"""courge muscade bio local""",Aucun,"48.000mg Calcium,0.700mg Fer,1.000g Protides,4.030g Glucides,0.100g Lipides,0.021g Lipides satures"
1602688,Tajine d'agneau aux legumes,Chou blanc,Chou blanc Bio,Aucun,"50.900mg Calcium,0.310mg Fer,1.250g Protides,4.250g Glucides,0.200g Lipides,0.041g Lipides satures"
1602688,Tajine d'agneau aux legumes,Ail blanc,"""ail""",Aucun,"38.000mg Calcium,1.400mg Fer,7.000g Protides,24.500g Glucides,0.500g Lipides"
1602688,Tajine d'agneau aux legumes,Pruneau noir,"Pruneaux seches denoyautes,huile vegetale  ","[""Sulfites""]","1.600g Protides,50.000g Glucides,0.200g Lipides,0.100g Lipides satures"
1602688,Tajine d'agneau aux legumes,Carottes,"""carotte bio local""",Aucun,"32.600mg Calcium,0.310mg Fer,0.770g Protides,6.450g Glucides,0.260g Lipides,0.054g Lipides satures"
1602688,Tajine d'agneau aux legumes,Concentre de tomate,"""concentre de tomate""",Aucun,"4.800g Protides,14.500g Glucides,1.000g Lipides,0.100g Lipides satures"
1602688,Tajine d'agneau aux legumes,Herbes de provence,Assortiments d'herbes   ,"[""Celeri""]","8.800g Protides,22.000g Glucides,12.000g Lipides,5.900g Lipides satures"
1602688,Tajine d'agneau aux legumes,Huile d'olive,"""huile d'olive extra vierge""",Aucun,"14.000g Lipides satures,100.000g Lipides"
1602688,Tajine d'agneau aux legumes,Melange raz el hanout,Epices melanges,"[""Gluten"",""Moutarde"",""Celeri""]","29.000g Glucides,2.100g Lipides satures,14.000g Lipides,12.000g Protides"
1602688,Tajine d'agneau aux legumes,Oignon jaune,"""oignon jaune""",Aucun,"0.400mg Fer,25.000mg Calcium,1.100g Protides,6.250g Glucides,0.620g Lipides,0.200g Lipides satures"
1602688,Tajine d'agneau aux legumes,Paprika,Paprika,Aucun,"14.000g Protides,19.800g Glucides,13.200g Lipides,2.200g Lipides satures"
1602688,Tajine d'agneau aux legumes,Poivre gris moulu,"""poivre""",Aucun,"11.400g Protides,48.300g Glucides,2.100g Lipides,0.060g Lipides satures"
1602688,Tajine d'agneau aux legumes,Saute d'Agneau,"Epaule desossee, degraissee et gigot desosse",Aucun,"15.000mg Calcium,1.660mg Fer,19.600g Protides,6.760g Lipides,2.420g Lipides satures"
1602688,Tajine d'agneau aux legumes,Sel fin,"""sel""",Aucun,Non renseigne
1602688,Tajine d'agneau aux legumes,Tomates pelees concassees,"""tomates pelees concassees""",Aucun,"0.100g Lipides,3.300g Glucides,1.100g Protides"
1602688,Tajine d'agneau aux legumes,Vin blanc de cuisine,"""vin blanc""","[""Sulfites""]","5.640mg Calcium,0.490mg Fer,0.070g Protides,2.580g Glucides"
1602689,Semoule au beurre,Semoule,"""semoule de ble dur""","[""Gluten"",""Moutarde"",""Soja""]","11.500g Protides,71.000g Glucides,1.400g Lipides,0.300g Lipides satures"
1602689,Semoule au beurre,Beurre rouleau doux,"""beurre""","[""Lait""]","16.500mg Calcium,0.087mg Fer,0.700g Protides,1.000g Glucides,82.000g Lipides,57.000g Lipides satures"
1602689,Semoule au beurre,Eau,"""eau""",Aucun,Non renseigne
1602689,Semoule au beurre,Huile d'olive,"""huile d'olive extra vierge""",Aucun,"14.000g Lipides satures,100.000g Lipides"
1602689,Semoule au beurre,Sel fin,"""sel""",Aucun,Non renseigne
1602690,Tomme noire des pyrenees,Tomme Noire des Pyrenees,Lait pasteurise de vache,"[""Lait""]","650.000mg Calcium,1.500g Glucides,20.000g Lipides satures,28.000g Lipides,22.000g Protides"
1602691,Pomme,Pomme golden,"""pomme bio local""",Aucun,"5.340mg Calcium,0.099mg Fer,0.250g Protides,11.600g Glucides,0.250g Lipides,0.052g Lipides satures"
1602691,Pomme,Citron pulco,"""citron, eau""",Aucun,"0.200g Protides,2.200g Glucides"
1602692,Pain restaurant,pain solette 400gr,Non renseigne,"[""Gluten""]",Non renseigne
1602706,Petit suisse aux fruits,Petit suisse aux fruits,"Lait entier pasteurisee, sucre, pulpe de fruits","[""Lait""]","220.000mg Calcium,5.200g Protides,13.000g Glucides,6.300g Lipides,4.100g Lipides satures"
1602707,Pain restaurant et confiture fraise,Pain restaurant,"""farine bio, eau, levure, sel""","[""Gluten""]","10.000g Protides,60.000g Glucides,1.500g Lipides"
1602707,Pain restaurant et confiture fraise,Confiture à la fraise,"Fraises, sucre, sucre roux de canne, jus de citrons concentre ",Aucun,"0.400g Protides,59.000g Glucides,0.100g Lipides"
1602708, Banane,Banane,Banane,Aucun,"4.120mg Calcium,0.260mg Fer,0.980g Protides,15.200g Glucides,0.250g Lipides,0.087g Lipides satures"
1603136,Salade Arc en ciel,Betteraves entieres,"""betteraves bio""",Aucun,"19.100mg Calcium,0.790mg Fer,1.840g Protides,8.560g Glucides,0.180g Lipides,0.028g Lipides satures"
1603136,Salade Arc en ciel,Carotte,"""carottes bio france""",Aucun,"32.600mg Calcium,0.310mg Fer,0.770g Protides,6.450g Glucides,0.260g Lipides,0.054g Lipides satures"
1603136,Salade Arc en ciel,Emmental,Lait cru biologique,"[""Lait""]","28.000g Protides,0.500g Glucides,19.400g Lipides satures,29.000g Lipides,1000.000mg Calcium"
1603136,Salade Arc en ciel,Mais doux,Mais en grains issue de l'agriculture biologique,Aucun,"2.900g Protides,12.000g Glucides,2.400g Lipides,0.500g Lipides satures"
1603136,Salade Arc en ciel,Ail blanc,"""ail""",Aucun,"38.000mg Calcium,1.400mg Fer,7.000g Protides,24.500g Glucides,0.500g Lipides"
1603136,Salade Arc en ciel,Eau,"""eau""",Aucun,Non renseigne
1603136,Salade Arc en ciel,Huile d'olive,"""huile d'olive extra vierge""",Aucun,"14.000g Lipides satures,100.000g Lipides"
1603136,Salade Arc en ciel,Huile de colza raffinee,"""huile de colza""",Aucun,"7.000g Lipides satures,100.000g Lipides"
1603136,Salade Arc en ciel,Moutarde de Dijon,"""moutarde""","[""Moutarde"",""Sulfites""]","7.900g Protides,3.500g Glucides,12.000g Lipides,0.900g Lipides satures"
1603136,Salade Arc en ciel,Oignon blanc frais,"""oignon frais blanc en botte""",Aucun,"0.400mg Fer,25.000mg Calcium,1.100g Protides,6.250g Glucides,0.620g Lipides,0.200g Lipides satures"
1603136,Salade Arc en ciel,Persil,"""persil""",Aucun,"218.000mg Calcium,4.670mg Fer,3.630g Protides,3.480g Glucides,0.630g Lipides,0.100g Lipides satures"
1603136,Salade Arc en ciel,Poivre gris moulu,"""poivre""",Aucun,"11.400g Protides,48.300g Glucides,2.100g Lipides,0.060g Lipides satures"
1603136,Salade Arc en ciel,Sel fin,"""sel""",Aucun,Non renseigne
1603136,Salade Arc en ciel,Vinaigre de vin rouge,"""vinaigre de vin rouge""","[""Sulfites""]","0.500g Glucides,0.400g Protides,0.070g Lipides satures"
1603137,Steak hache façon bouchere 10% MG,Ail blanc,"""ail""",Aucun,"38.000mg Calcium,1.400mg Fer,7.000g Protides,24.500g Glucides,0.500g Lipides"
1603137,Steak hache façon bouchere 10% MG,Steak hache façon bouchere 10% MG,"""viande bovine hachee française""  ",Aucun,"2.640mg Fer,20.000g Protides,0.010g Glucides,10.000g Lipides,3.900g Lipides satures"
1603137,Steak hache façon bouchere 10% MG,Champignons de paris,"""champignons de paris""",Aucun,"2.340g Protides,0.400g Glucides,0.100g Lipides,0.010g Lipides satures"
1603137,Steak hache façon bouchere 10% MG,Eau,"""eau""",Aucun,Non renseigne
1603137,Steak hache façon bouchere 10% MG,Fond brun,"""fond brun de veau""","[""Gluten"",""Celeri"",""Oeufs"",""Lait""]","11.000g Protides,47.000g Glucides,9.000g Lipides,6.000g Lipides satures"
1603137,Steak hache façon bouchere 10% MG,Huile de cuisson,"""huiles vegetales""",Aucun,"0.000g Protides,0.500g Glucides,100.000g Lipides,7.800g Lipides satures"
1603137,Steak hache façon bouchere 10% MG,Oignon jaune,"""oignon jaune""",Aucun,"0.400mg Fer,25.000mg Calcium,1.100g Protides,6.250g Glucides,0.620g Lipides,0.200g Lipides satures"
1603137,Steak hache façon bouchere 10% MG,Vin blanc de cuisine,"""vin blanc""","[""Sulfites""]","5.640mg Calcium,0.490mg Fer,0.070g Protides,2.580g Glucides"
1603138,Coquillettes au beurre,Coquillettes,Ble dur et oeufs,"[""Gluten"",""Oeufs""]","13.000g Protides,70.000g Glucides,1.900g Lipides,0.300g Lipides satures"
1603138,Coquillettes au beurre,Emmental rape,"""lait pasteurise de vache bio""","[""Lait""]","0.500g Glucides,100.000mg Calcium,29.400g Protides,28.800g Lipides,17.300g Lipides satures"
1603138,Coquillettes au beurre,Beurre,"""beurre bbc""","[""Lait""]","22.000mg Calcium,0.700g Protides,0.600g Glucides,82.000g Lipides,55.000g Lipides satures"
1603138,Coquillettes au beurre,Eau,"""eau""",Aucun,Non renseigne
1603138,Coquillettes au beurre,Gros sel,"""sel gros""",Aucun,Non renseigne
1603139,Yaourt à boire à la fraise,Yaourt a boire,Lait ecreme,"[""Lait""]","97.000mg Calcium,2.900g Protides,11.000g Glucides,1.000g Lipides,0.700g Lipides satures"
1603140,Pain restaurant,pain solette 400gr,Non renseigne,"[""Gluten""]",Non renseigne
1603146,Steak hache façon bouchere 10% MG,Ail blanc,"""ail""",Aucun,"38.000mg Calcium,1.400mg Fer,7.000g Protides,24.500g Glucides,0.500g Lipides"
1603146,Steak hache façon bouchere 10% MG,Steak hache façon bouchere 10% MG,"""viande bovine hachee française""  ",Aucun,"2.640mg Fer,20.000g Protides,0.010g Glucides,10.000g Lipides,3.900g Lipides satures"
1603146,Steak hache façon bouchere 10% MG,Champignons de paris,"""champignons de paris""",Aucun,"2.340g Protides,0.400g Glucides,0.100g Lipides,0.010g Lipides satures"
1603146,Steak hache façon bouchere 10% MG,Eau,"""eau""",Aucun,Non renseigne
1603146,Steak hache façon bouchere 10% MG,Fond brun,"""fond brun de veau""","[""Gluten"",""Celeri"",""Oeufs"",""Lait""]","11.000g Protides,47.000g Glucides,9.000g Lipides,6.000g Lipides satures"
1603146,Steak hache façon bouchere 10% MG,Huile de cuisson,"""huiles vegetales""",Aucun,"0.000g Protides,0.500g Glucides,100.000g Lipides,7.800g Lipides satures"
1603146,Steak hache façon bouchere 10% MG,Oignon jaune,"""oignon jaune""",Aucun,"0.400mg Fer,25.000mg Calcium,1.100g Protides,6.250g Glucides,0.620g Lipides,0.200g Lipides satures"
1603146,Steak hache façon bouchere 10% MG,Vin blanc de cuisine,"""vin blanc""","[""Sulfites""]","5.640mg Calcium,0.490mg Fer,0.070g Protides,2.580g Glucides"
1603147,Coquillettes et chou fleur,Chou fleur,Chou fleur Bio,"[""Celeri""]","1.800g Protides,2.800g Glucides,0.300g Lipides,0.060g Lipides satures"
1603147,Coquillettes et chou fleur,Coquillettes,Ble dur et oeufs,"[""Gluten"",""Oeufs""]","13.000g Protides,70.000g Glucides,1.900g Lipides,0.300g Lipides satures"
1603147,Coquillettes et chou fleur,Emmental rape,"""lait pasteurise de vache bio""","[""Lait""]","0.500g Glucides,100.000mg Calcium,29.400g Protides,28.800g Lipides,17.300g Lipides satures"
1603147,Coquillettes et chou fleur,Eau,"""eau""",Aucun,Non renseigne
1603147,Coquillettes et chou fleur,Gros sel,"""sel gros""",Aucun,Non renseigne
1603147,Coquillettes et chou fleur,Herbes de provence,Assortiments d'herbes   ,"[""Celeri""]","8.800g Protides,22.000g Glucides,12.000g Lipides,5.900g Lipides satures"
1603147,Coquillettes et chou fleur,Huile d'olive,"""huile d'olive extra vierge""",Aucun,"14.000g Lipides satures,100.000g Lipides"
1603147,Coquillettes et chou fleur,Huile de cuisson,"""huiles vegetales""",Aucun,"0.000g Protides,0.500g Glucides,100.000g Lipides,7.800g Lipides satures"
1603147,Coquillettes et chou fleur,Poivre gris moulu,"""poivre""",Aucun,"11.400g Protides,48.300g Glucides,2.100g Lipides,0.060g Lipides satures"
1603147,Coquillettes et chou fleur,Sel fin,"""sel""",Aucun,Non renseigne
1603148,Yaourt à boire à la fraise,Yaourt a boire,Lait ecreme,"[""Lait""]","97.000mg Calcium,2.900g Protides,11.000g Glucides,1.000g Lipides,0.700g Lipides satures"
1603149,Pain restaurant,pain solette 400gr,Non renseigne,"[""Gluten""]",Non renseigne
1603158,Brioche en tranches,Brioche tranchee aux oeufs,"Farine, sucre, oeufs frais, beurre, huile de colza.","[""Lait"",""Oeufs"",""Gluten"",""Soja"",""Sesame"",""Fruits a coques""]","9.000g Protides,51.000g Glucides,7.600g Lipides,2.700g Lipides satures"
1603159,Fromage blanc et confiture d'abricot,Fromage blanc nature,"""lait demi ecreme bio""","[""Lait""]","73.000mg Calcium,2.300g Lipides satures,7.300g Protides,2.000g Glucides,3.600g Lipides"
1603159,Fromage blanc et confiture d'abricot,Confiture d'abricot,"Abricots, sucre roux de canne, jus de citron",Aucun,"0.500g Protides,59.000g Glucides,0.100g Lipides"
1603501,Feuillete au comte,Feuillete au comte,"Fromage, beurre, oeufs, lait","[""Fruits a coques"",""Lait"",""Oeufs"",""Gluten"",""Mollusques"",""Moutarde"",""Crustaces"",""Celeri"",""Sesame"",""Poisson""]","6.080g Protides,27.000g Glucides,15.200g Lipides,8.400g Lipides satures"
1603502,Frittata de pommes de terre et de legumes,Oeuf entier liquide,"""oeufs entiers biologiques""","[""Oeufs""]","0.400g Glucides,3.200g Lipides satures,10.000g Lipides,11.000g Protides"
1603502,Frittata de pommes de terre et de legumes,Pommes de terre,"""pommes de terre bio""",Aucun,"10.000mg Calcium,0.600mg Fer,1.880g Protides,15.900g Glucides,0.300g Lipides,0.058g Lipides satures"
1603502,Frittata de pommes de terre et de legumes,Ail blanc,"""ail""",Aucun,"38.000mg Calcium,1.400mg Fer,7.000g Protides,24.500g Glucides,0.500g Lipides"
1603502,Frittata de pommes de terre et de legumes,Carottes,"""carotte bio local""",Aucun,"32.600mg Calcium,0.310mg Fer,0.770g Protides,6.450g Glucides,0.260g Lipides,0.054g Lipides satures"
1603502,Frittata de pommes de terre et de legumes,Poireaux,"""poireaux bio local""",Aucun,"50.700mg Calcium,1.500mg Fer,1.590g Protides,4.900g Glucides,0.250g Lipides,0.050g Lipides satures"
1603502,Frittata de pommes de terre et de legumes,Echalote,"""echalote""",Aucun,"37.000mg Calcium,1.200mg Fer,1.840g Protides,8.350g Glucides,1.430g Lipides,0.230g Lipides satures"
1603502,Frittata de pommes de terre et de legumes,Huile d'olive,"""huile d'olive extra vierge""",Aucun,"14.000g Lipides satures,100.000g Lipides"
1603502,Frittata de pommes de terre et de legumes,Huile de cuisson,"""huiles vegetales""",Aucun,"0.000g Protides,0.500g Glucides,100.000g Lipides,7.800g Lipides satures"
1603502,Frittata de pommes de terre et de legumes,Oignon jaune,"""oignon jaune""",Aucun,"0.400mg Fer,25.000mg Calcium,1.100g Protides,6.250g Glucides,0.620g Lipides,0.200g Lipides satures"
1603502,Frittata de pommes de terre et de legumes,Persil,"""persil""",Aucun,"218.000mg Calcium,4.670mg Fer,3.630g Protides,3.480g Glucides,0.630g Lipides,0.100g Lipides satures"
1603502,Frittata de pommes de terre et de legumes,Poivre gris moulu,"""poivre""",Aucun,"11.400g Protides,48.300g Glucides,2.100g Lipides,0.060g Lipides satures"
1603502,Frittata de pommes de terre et de legumes,Sel fin,"""sel""",Aucun,Non renseigne
1603503,Fromage blanc nature,Fromage blanc lisse,Lait pasteurise,"[""Lait""]","104.000mg Calcium,1.000mg Fer,6.190g Protides,5.250g Glucides,7.650g Lipides,4.990g Lipides satures"
1603504,Pain restaurant,pain solette 400gr,Non renseigne,"[""Gluten""]",Non renseigne
1603510,Frittata de pommes de terre et de legumes,Oeuf entier liquide,"""oeufs entiers biologiques""","[""Oeufs""]","0.400g Glucides,3.200g Lipides satures,10.000g Lipides,11.000g Protides"
1603510,Frittata de pommes de terre et de legumes,Pommes de terre,"""pommes de terre bio""",Aucun,"10.000mg Calcium,0.600mg Fer,1.880g Protides,15.900g Glucides,0.300g Lipides,0.058g Lipides satures"
1603510,Frittata de pommes de terre et de legumes,Ail blanc,"""ail""",Aucun,"38.000mg Calcium,1.400mg Fer,7.000g Protides,24.500g Glucides,0.500g Lipides"
1603510,Frittata de pommes de terre et de legumes,Carottes,"""carotte bio local""",Aucun,"32.600mg Calcium,0.310mg Fer,0.770g Protides,6.450g Glucides,0.260g Lipides,0.054g Lipides satures"
1603510,Frittata de pommes de terre et de legumes,Poireaux,"""poireaux bio local""",Aucun,"50.700mg Calcium,1.500mg Fer,1.590g Protides,4.900g Glucides,0.250g Lipides,0.050g Lipides satures"
1603510,Frittata de pommes de terre et de legumes,Echalote,"""echalote""",Aucun,"37.000mg Calcium,1.200mg Fer,1.840g Protides,8.350g Glucides,1.430g Lipides,0.230g Lipides satures"
1603510,Frittata de pommes de terre et de legumes,Huile d'olive,"""huile d'olive extra vierge""",Aucun,"14.000g Lipides satures,100.000g Lipides"
1603510,Frittata de pommes de terre et de legumes,Huile de cuisson,"""huiles vegetales""",Aucun,"0.000g Protides,0.500g Glucides,100.000g Lipides,7.800g Lipides satures"
1603510,Frittata de pommes de terre et de legumes,Oignon jaune,"""oignon jaune""",Aucun,"0.400mg Fer,25.000mg Calcium,1.100g Protides,6.250g Glucides,0.620g Lipides,0.200g Lipides satures"
1603510,Frittata de pommes de terre et de legumes,Persil,"""persil""",Aucun,"218.000mg Calcium,4.670mg Fer,3.630g Protides,3.480g Glucides,0.630g Lipides,0.100g Lipides satures"
1603510,Frittata de pommes de terre et de legumes,Poivre gris moulu,"""poivre""",Aucun,"11.400g Protides,48.300g Glucides,2.100g Lipides,0.060g Lipides satures"
1603510,Frittata de pommes de terre et de legumes,Sel fin,"""sel""",Aucun,Non renseigne
1603511,Fromage blanc nature,Fromage blanc lisse,Lait pasteurise,"[""Lait""]","104.000mg Calcium,1.000mg Fer,6.190g Protides,5.250g Glucides,7.650g Lipides,4.990g Lipides satures"
1603512,Pain restaurant,pain solette 400gr,Non renseigne,"[""Gluten""]",Non renseigne
1603522,Poire,Poire,Poire bio local,Aucun,Non renseigne
1603523,Yaourt vanille,Yaourt saveur vanille lait entier,"""lait entier bio, arôme naturel de vanille""","[""Lait""]","13.000g Glucides,2.200g Lipides satures,3.400g Lipides,2.900g Protides,100.000mg Calcium"
1603524,Petits beurre,Biscuit petit beurre,"Farine, sucre, lait","[""Lait"",""Oeufs"",""Gluten"",""Sesame""]","8.000g Protides,72.000g Glucides,12.000g Lipides,7.500g Lipides satures"
1603866,Salade de betteraves  persillees,Betteraves entieres,"""betteraves bio""",Aucun,"19.100mg Calcium,0.790mg Fer,1.840g Protides,8.560g Glucides,0.180g Lipides,0.028g Lipides satures"
1603866,Salade de betteraves  persillees,Ail blanc,"""ail""",Aucun,"38.000mg Calcium,1.400mg Fer,7.000g Protides,24.500g Glucides,0.500g Lipides"
1603866,Salade de betteraves  persillees,Batavia,"""batavia hve""",Aucun,"20.000mg Calcium,0.400mg Fer,1.010g Protides,1.500g Glucides,0.100g Lipides,0.028g Lipides satures"
1603866,Salade de betteraves  persillees,Eau,"""eau""",Aucun,Non renseigne
1603866,Salade de betteraves  persillees,Huile d'olive,"""huile d'olive extra vierge""",Aucun,"14.000g Lipides satures,100.000g Lipides"
1603866,Salade de betteraves  persillees,Huile de colza raffinee,"""huile de colza""",Aucun,"7.000g Lipides satures,100.000g Lipides"
1603866,Salade de betteraves  persillees,Moutarde de Dijon,"""moutarde""","[""Moutarde"",""Sulfites""]","7.900g Protides,3.500g Glucides,12.000g Lipides,0.900g Lipides satures"
1603866,Salade de betteraves  persillees,Oignon blanc frais,"""oignon frais blanc en botte""",Aucun,"0.400mg Fer,25.000mg Calcium,1.100g Protides,6.250g Glucides,0.620g Lipides,0.200g Lipides satures"
1603866,Salade de betteraves  persillees,Persil,"""persil""",Aucun,"218.000mg Calcium,4.670mg Fer,3.630g Protides,3.480g Glucides,0.630g Lipides,0.100g Lipides satures"
1603866,Salade de betteraves  persillees,Poivre gris moulu,"""poivre""",Aucun,"11.400g Protides,48.300g Glucides,2.100g Lipides,0.060g Lipides satures"
1603866,Salade de betteraves  persillees,Sel fin,"""sel""",Aucun,Non renseigne
1603866,Salade de betteraves  persillees,Vinaigre de vin rouge,"""vinaigre de vin rouge""","[""Sulfites""]","0.500g Glucides,0.400g Protides,0.070g Lipides satures"
1603867,Gratin de pates,Emmental rape,"""lait pasteurise de vache bio""","[""Lait""]","0.500g Glucides,100.000mg Calcium,29.400g Protides,28.800g Lipides,17.300g Lipides satures"
1603867,Gratin de pates,Lait,"""lait demi ecreme bio""","[""Lait""]","120.000mg Calcium,3.300g Protides,4.800g Glucides,1.600g Lipides,1.000g Lipides satures"
1603867,Gratin de pates,Macaroni,"""macaroni bio""","[""Gluten"",""Oeufs""]","70.000g Glucides,0.200g Lipides satures,1.900g Lipides,13.000g Protides"
1603867,Gratin de pates,Beurre,"""beurre bbc""","[""Lait""]","22.000mg Calcium,0.700g Protides,0.600g Glucides,82.000g Lipides,55.000g Lipides satures"
1603867,Gratin de pates,Ail blanc,"""ail""",Aucun,"38.000mg Calcium,1.400mg Fer,7.000g Protides,24.500g Glucides,0.500g Lipides"
1603867,Gratin de pates,Beurre rouleau doux,"""beurre""","[""Lait""]","16.500mg Calcium,0.087mg Fer,0.700g Protides,1.000g Glucides,82.000g Lipides,57.000g Lipides satures"
1603867,Gratin de pates,Cheddar jeune,"""lait de vache pasteurise""","[""Lait""]","0.000g Glucides,675.000mg Calcium,0.160mg Fer,24.000g Protides,33.800g Lipides,19.500g Lipides satures"
1603867,Gratin de pates,Eau,"""eau""",Aucun,Non renseigne
1603867,Gratin de pates,Echalote,"""echalote""",Aucun,"37.000mg Calcium,1.200mg Fer,1.840g Protides,8.350g Glucides,1.430g Lipides,0.230g Lipides satures"
1603867,Gratin de pates,Farine de ble,"""farine de ble""","[""Gluten""]","10.300g Protides,68.400g Glucides,0.800g Lipides,0.200g Lipides satures"
1603867,Gratin de pates,Gros sel,"""sel gros""",Aucun,Non renseigne
1603867,Gratin de pates,Oignon jaune,"""oignon jaune""",Aucun,"0.400mg Fer,25.000mg Calcium,1.100g Protides,6.250g Glucides,0.620g Lipides,0.200g Lipides satures"
1603867,Gratin de pates,Persil,"""persil""",Aucun,"218.000mg Calcium,4.670mg Fer,3.630g Protides,3.480g Glucides,0.630g Lipides,0.100g Lipides satures"
1603867,Gratin de pates,Poivre gris moulu,"""poivre""",Aucun,"11.400g Protides,48.300g Glucides,2.100g Lipides,0.060g Lipides satures"
1603867,Gratin de pates,Sel fin,"""sel""",Aucun,Non renseigne
1603868,Fromages Divers,Fromages divers,"""lait pasteurise de vache""",Aucun,Non renseigne
1603869,Dessert du jour,Puree de pommes,"""puree de pommes bio""",Aucun,"10.000g Glucides,0.200g Lipides,0.300g Protides"
1603869,Dessert du jour,Yaourt  Nature,"""lait entier biologique""","[""Lait""]","5.100g Glucides,0.700g Lipides satures,1.000g Lipides,3.800g Protides,136.000mg Calcium"
1603869,Dessert du jour,Pomme golden,"""pomme golden""",Aucun,"5.340mg Calcium,0.099mg Fer,0.250g Protides,11.600g Glucides,0.250g Lipides,0.052g Lipides satures"
1603869,Dessert du jour,Creme dessert au chocolat,"""lait, sucre,cacao,chocolat, amidon""","[""Lait"",""Fruits a coques""]","3.500g Protides,19.000g Glucides,3.600g Lipides,2.200g Lipides satures"
1603870,Pain restaurant,pain solette 400gr,Non renseigne,"[""Gluten""]",Non renseigne
1603877,Puree betterave,Ciboulette,"""ciboulette bio local""",Aucun,"92.800mg Calcium,1.310mg Fer,2.620g Protides,2.100g Glucides,0.520g Lipides,0.150g Lipides satures"
1603877,Puree betterave,Carre frais,Lait biologique,"[""Lait""]","86.000mg Calcium,2.500g Glucides,11.000g Lipides satures,15.000g Lipides,12.000g Protides"
1603877,Puree betterave,Ail blanc,"""ail""",Aucun,"38.000mg Calcium,1.400mg Fer,7.000g Protides,24.500g Glucides,0.500g Lipides"
1603877,Puree betterave,Betteraves entieres cuites,Betteraves entieres cuites,Aucun,"19.100mg Calcium,0.790mg Fer,1.840g Protides,8.560g Glucides,0.180g Lipides,0.028g Lipides satures"
1603877,Puree betterave,Eau,"""eau""",Aucun,Non renseigne
1603877,Puree betterave,Huile d'olive,"""huile d'olive extra vierge""",Aucun,"14.000g Lipides satures,100.000g Lipides"
1603877,Puree betterave,Huile de colza raffinee,"""huile de colza""",Aucun,"7.000g Lipides satures,100.000g Lipides"
1603877,Puree betterave,Moutarde de Dijon,"""moutarde""","[""Moutarde"",""Sulfites""]","7.900g Protides,3.500g Glucides,12.000g Lipides,0.900g Lipides satures"
1603877,Puree betterave,Oignon blanc frais,"""oignon frais blanc en botte""",Aucun,"0.400mg Fer,25.000mg Calcium,1.100g Protides,6.250g Glucides,0.620g Lipides,0.200g Lipides satures"
1603877,Puree betterave,Persil,"""persil""",Aucun,"218.000mg Calcium,4.670mg Fer,3.630g Protides,3.480g Glucides,0.630g Lipides,0.100g Lipides satures"
1603877,Puree betterave,Poivre gris moulu,"""poivre""",Aucun,"11.400g Protides,48.300g Glucides,2.100g Lipides,0.060g Lipides satures"
1603877,Puree betterave,Sel fin,"""sel""",Aucun,Non renseigne
1603877,Puree betterave,Vinaigre de vin rouge,"""vinaigre de vin rouge""","[""Sulfites""]","0.500g Glucides,0.400g Protides,0.070g Lipides satures"
1603878,Gratin de pates,Emmental rape,"""lait pasteurise de vache bio""","[""Lait""]","0.500g Glucides,100.000mg Calcium,29.400g Protides,28.800g Lipides,17.300g Lipides satures"
1603878,Gratin de pates,Lait,"""lait demi ecreme bio""","[""Lait""]","120.000mg Calcium,3.300g Protides,4.800g Glucides,1.600g Lipides,1.000g Lipides satures"
1603878,Gratin de pates,Macaroni,"""macaroni bio""","[""Gluten"",""Oeufs""]","70.000g Glucides,0.200g Lipides satures,1.900g Lipides,13.000g Protides"
1603878,Gratin de pates,Beurre,"""beurre bbc""","[""Lait""]","22.000mg Calcium,0.700g Protides,0.600g Glucides,82.000g Lipides,55.000g Lipides satures"
1603878,Gratin de pates,Ail blanc,"""ail""",Aucun,"38.000mg Calcium,1.400mg Fer,7.000g Protides,24.500g Glucides,0.500g Lipides"
1603878,Gratin de pates,Beurre rouleau doux,"""beurre""","[""Lait""]","16.500mg Calcium,0.087mg Fer,0.700g Protides,1.000g Glucides,82.000g Lipides,57.000g Lipides satures"
1603878,Gratin de pates,Cheddar jeune,"""lait de vache pasteurise""","[""Lait""]","0.000g Glucides,675.000mg Calcium,0.160mg Fer,24.000g Protides,33.800g Lipides,19.500g Lipides satures"
1603878,Gratin de pates,Eau,"""eau""",Aucun,Non renseigne
1603878,Gratin de pates,Echalote,"""echalote""",Aucun,"37.000mg Calcium,1.200mg Fer,1.840g Protides,8.350g Glucides,1.430g Lipides,0.230g Lipides satures"
1603878,Gratin de pates,Farine de ble,"""farine de ble""","[""Gluten""]","10.300g Protides,68.400g Glucides,0.800g Lipides,0.200g Lipides satures"
1603878,Gratin de pates,Gros sel,"""sel gros""",Aucun,Non renseigne
1603878,Gratin de pates,Oignon jaune,"""oignon jaune""",Aucun,"0.400mg Fer,25.000mg Calcium,1.100g Protides,6.250g Glucides,0.620g Lipides,0.200g Lipides satures"
1603878,Gratin de pates,Persil,"""persil""",Aucun,"218.000mg Calcium,4.670mg Fer,3.630g Protides,3.480g Glucides,0.630g Lipides,0.100g Lipides satures"
1603878,Gratin de pates,Poivre gris moulu,"""poivre""",Aucun,"11.400g Protides,48.300g Glucides,2.100g Lipides,0.060g Lipides satures"
1603878,Gratin de pates,Sel fin,"""sel""",Aucun,Non renseigne
1603879,Brocolis sautes,Brocolis fleurette,Brocolis  Bio,"[""Celeri""]","1.700g Protides,2.800g Glucides,0.500g Lipides,0.100g Lipides satures"
1603879,Brocolis sautes,Ail blanc,"""ail""",Aucun,"38.000mg Calcium,1.400mg Fer,7.000g Protides,24.500g Glucides,0.500g Lipides"
1603879,Brocolis sautes,Beurre rouleau doux,"""beurre""","[""Lait""]","16.500mg Calcium,0.087mg Fer,0.700g Protides,1.000g Glucides,82.000g Lipides,57.000g Lipides satures"
1603879,Brocolis sautes,Echalote,"""echalote""",Aucun,"37.000mg Calcium,1.200mg Fer,1.840g Protides,8.350g Glucides,1.430g Lipides,0.230g Lipides satures"
1603879,Brocolis sautes,Huile d'olive,"""huile d'olive extra vierge""",Aucun,"14.000g Lipides satures,100.000g Lipides"
1603879,Brocolis sautes,Oignon jaune,"""oignon jaune""",Aucun,"0.400mg Fer,25.000mg Calcium,1.100g Protides,6.250g Glucides,0.620g Lipides,0.200g Lipides satures"
1603879,Brocolis sautes,Persil,"""persil""",Aucun,"218.000mg Calcium,4.670mg Fer,3.630g Protides,3.480g Glucides,0.630g Lipides,0.100g Lipides satures"
1603879,Brocolis sautes,Poivre gris moulu,"""poivre""",Aucun,"11.400g Protides,48.300g Glucides,2.100g Lipides,0.060g Lipides satures"
1603879,Brocolis sautes,Sel fin,"""sel""",Aucun,Non renseigne
1603880,Vache qui rit,Vache qui rit,"""lait ecreme bio""","[""Lait""]","390.000mg Calcium,12.000g Protides,5.500g Glucides,16.500g Lipides,11.000g Lipides satures"
1603881,Puree de pommes,Puree de pommes,"""puree de pommes bio""",Aucun,"10.000g Glucides,0.200g Lipides,0.300g Protides"
1603882,Pain restaurant,pain solette 400gr,Non renseigne,"[""Gluten""]",Non renseigne
1603898,Puree de pomme-poire,Puree de pomme poire,"""pommes, poires""",Aucun,"9.600g Glucides,0.200g Lipides,0.300g Protides"
1603899,Gressin,Gressin,"Farine de ble, huiles vegetales,extrait de malt d'orge et de mais,sel ,semoule de ble dur, levure","[""Soja"",""Lait"",""Oeufs"",""Gluten"",""Sesame"",""Moutarde""]","1.000g Lipides satures,10.000g Protides,71.700g Glucides,8.300g Lipides"
1603900,Chanteneige,Chanteneige,"""lait origine france""","[""Lait""]","20.000g Lipides satures,7.500g Protides,3.000g Glucides,30.000g Lipides,90.000mg Calcium"
1599698,Potage Vermicelles,Huile de cuisson,"""huiles vegetales""",Aucun,"0.000g Protides,0.500g Glucides,100.000g Lipides,7.800g Lipides satures"
1599709,Potage Vermicelles,Huile de cuisson,"""huiles vegetales""",Aucun,"0.000g Protides,0.500g Glucides,100.000g Lipides,7.800g Lipides satures"
1603502,Frittata de pommes de terre et de legumes,Eau,"""eau""",Aucun,Non renseigne
1603510,Frittata de pommes de terre et de legumes,Eau,"""eau""",Aucun,Non renseigne
1604348,Pizza 4 fromages,Pizza 4 fromages,"Pate à pizza garnie de mozzarella, d’edam, d’emmental et de roquefort","[""Lait"",""Moutarde"",""Poisson"",""Oeufs"",""Gluten"",""Sesame""]","0.810mg Fer,9.400g Protides,31.000g Glucides,5.600g Lipides,3.800g Lipides satures"
1604349,Emince de dinde   sauce Chasseur,Beurre,"""beurre bbc""","[""Lait""]","22.000mg Calcium,0.700g Protides,0.600g Glucides,82.000g Lipides,55.000g Lipides satures"
1604349,Emince de dinde   sauce Chasseur,Creme liquide,"""creme entiere bbc""","[""Lait""]","70.000mg Calcium,2.200g Protides,3.200g Glucides,30.000g Lipides,19.000g Lipides satures"
1604349,Emince de dinde   sauce Chasseur,Ail blanc,"""ail""",Aucun,"38.000mg Calcium,1.400mg Fer,7.000g Protides,24.500g Glucides,0.500g Lipides"
1604349,Emince de dinde   sauce Chasseur,Emince haut de cuisse,"""emince de dinde label rouge""",Aucun,"19.800g Protides,0.600g Glucides,4.100g Lipides,0.010g Lipides satures"
1604349,Emince de dinde   sauce Chasseur,Champignons de paris,"""champignons de paris""",Aucun,"2.340g Protides,0.400g Glucides,0.100g Lipides,0.010g Lipides satures"
1604349,Emince de dinde   sauce Chasseur,Eau,"""eau""",Aucun,Non renseigne
1604349,Emince de dinde   sauce Chasseur,Estragon,Estragon,Aucun,"260.000mg Calcium,1.600mg Fer,0.500g Lipides,3.800g Protides,4.100g Glucides,0.600g Lipides satures"
1604349,Emince de dinde   sauce Chasseur,Farine de ble,"""farine de ble""","[""Gluten""]","10.300g Protides,68.400g Glucides,0.800g Lipides,0.200g Lipides satures"
1604349,Emince de dinde   sauce Chasseur,Huile d'olive,"""huile d'olive extra vierge""",Aucun,"14.000g Lipides satures,100.000g Lipides"
1604349,Emince de dinde   sauce Chasseur,Oignon jaune,"""oignon jaune""",Aucun,"0.400mg Fer,25.000mg Calcium,1.100g Protides,6.250g Glucides,0.620g Lipides,0.200g Lipides satures"
1604349,Emince de dinde   sauce Chasseur,Persil,"""persil""",Aucun,"218.000mg Calcium,4.670mg Fer,3.630g Protides,3.480g Glucides,0.630g Lipides,0.100g Lipides satures"
1604349,Emince de dinde   sauce Chasseur,Poivre gris moulu,"""poivre""",Aucun,"11.400g Protides,48.300g Glucides,2.100g Lipides,0.060g Lipides satures"
1604349,Emince de dinde   sauce Chasseur,Sel fin,"""sel""",Aucun,Non renseigne
1604349,Emince de dinde   sauce Chasseur,Vin blanc de cuisine,"""vin blanc""","[""Sulfites""]","5.640mg Calcium,0.490mg Fer,0.070g Protides,2.580g Glucides"
1604350,Carottes au beurre,Ail blanc,"""ail""",Aucun,"38.000mg Calcium,1.400mg Fer,7.000g Protides,24.500g Glucides,0.500g Lipides"
1604350,Carottes au beurre,Carottes,"""carotte bio local""",Aucun,"32.600mg Calcium,0.310mg Fer,0.770g Protides,6.450g Glucides,0.260g Lipides,0.054g Lipides satures"
1604350,Carottes au beurre,Beurre rouleau doux,"""beurre""","[""Lait""]","16.500mg Calcium,0.087mg Fer,0.700g Protides,1.000g Glucides,82.000g Lipides,57.000g Lipides satures"
1604350,Carottes au beurre,Echalote,"""echalote""",Aucun,"37.000mg Calcium,1.200mg Fer,1.840g Protides,8.350g Glucides,1.430g Lipides,0.230g Lipides satures"
1604350,Carottes au beurre,Oignon jaune,"""oignon jaune""",Aucun,"0.400mg Fer,25.000mg Calcium,1.100g Protides,6.250g Glucides,0.620g Lipides,0.200g Lipides satures"
1604350,Carottes au beurre,Persil,"""persil""",Aucun,"218.000mg Calcium,4.670mg Fer,3.630g Protides,3.480g Glucides,0.630g Lipides,0.100g Lipides satures"
1604350,Carottes au beurre,Poivre gris moulu,"""poivre""",Aucun,"11.400g Protides,48.300g Glucides,2.100g Lipides,0.060g Lipides satures"
1604350,Carottes au beurre,Sel fin,"""sel""",Aucun,Non renseigne
1604351,Yaourt fruits rouges des Alpes,Yaourt fruits rouges brasse des Alpes,""" lait, ferments lactiques, sucre, preparation fruits rouge""","[""Lait""]","127.000mg Calcium,3.610g Protides,14.200g Glucides,2.400g Lipides,1.540g Lipides satures"
1604352,Pain restaurant,pain solette 400gr,Non renseigne,"[""Gluten""]",Non renseigne
1604363,Emince de dinde   sauce Chasseur,Beurre,"""beurre bbc""","[""Lait""]","22.000mg Calcium,0.700g Protides,0.600g Glucides,82.000g Lipides,55.000g Lipides satures"
1604363,Emince de dinde   sauce Chasseur,Creme liquide,"""creme entiere bbc""","[""Lait""]","70.000mg Calcium,2.200g Protides,3.200g Glucides,30.000g Lipides,19.000g Lipides satures"
1604363,Emince de dinde   sauce Chasseur,Ail blanc,"""ail""",Aucun,"38.000mg Calcium,1.400mg Fer,7.000g Protides,24.500g Glucides,0.500g Lipides"
1604363,Emince de dinde   sauce Chasseur,Emince haut de cuisse,"""emince de dinde label rouge""",Aucun,"19.800g Protides,0.600g Glucides,4.100g Lipides,0.010g Lipides satures"
1604363,Emince de dinde   sauce Chasseur,Champignons de paris,"""champignons de paris""",Aucun,"2.340g Protides,0.400g Glucides,0.100g Lipides,0.010g Lipides satures"
1604363,Emince de dinde   sauce Chasseur,Eau,"""eau""",Aucun,Non renseigne
1604363,Emince de dinde   sauce Chasseur,Estragon,Estragon,Aucun,"260.000mg Calcium,1.600mg Fer,0.500g Lipides,3.800g Protides,4.100g Glucides,0.600g Lipides satures"
1604363,Emince de dinde   sauce Chasseur,Farine de ble,"""farine de ble""","[""Gluten""]","10.300g Protides,68.400g Glucides,0.800g Lipides,0.200g Lipides satures"
1604363,Emince de dinde   sauce Chasseur,Huile d'olive,"""huile d'olive extra vierge""",Aucun,"14.000g Lipides satures,100.000g Lipides"
1604363,Emince de dinde   sauce Chasseur,Oignon jaune,"""oignon jaune""",Aucun,"0.400mg Fer,25.000mg Calcium,1.100g Protides,6.250g Glucides,0.620g Lipides,0.200g Lipides satures"
1604363,Emince de dinde   sauce Chasseur,Persil,"""persil""",Aucun,"218.000mg Calcium,4.670mg Fer,3.630g Protides,3.480g Glucides,0.630g Lipides,0.100g Lipides satures"
1604363,Emince de dinde   sauce Chasseur,Poivre gris moulu,"""poivre""",Aucun,"11.400g Protides,48.300g Glucides,2.100g Lipides,0.060g Lipides satures"
1604363,Emince de dinde   sauce Chasseur,Sel fin,"""sel""",Aucun,Non renseigne
1604363,Emince de dinde   sauce Chasseur,Vin blanc de cuisine,"""vin blanc""","[""Sulfites""]","5.640mg Calcium,0.490mg Fer,0.070g Protides,2.580g Glucides"
1604364,Riz  et carotte,Ail blanc,"""ail""",Aucun,"38.000mg Calcium,1.400mg Fer,7.000g Protides,24.500g Glucides,0.500g Lipides"
1604364,Riz  et carotte,Carottes,"""carotte bio local""",Aucun,"32.600mg Calcium,0.310mg Fer,0.770g Protides,6.450g Glucides,0.260g Lipides,0.054g Lipides satures"
1604364,Riz  et carotte,Eau,"""eau""",Aucun,Non renseigne
1604364,Riz  et carotte,Echalote,"""echalote""",Aucun,"37.000mg Calcium,1.200mg Fer,1.840g Protides,8.350g Glucides,1.430g Lipides,0.230g Lipides satures"
1604364,Riz  et carotte,Huile d'olive,"""huile d'olive extra vierge""",Aucun,"14.000g Lipides satures,100.000g Lipides"
1604364,Riz  et carotte,Huile de cuisson,"""huiles vegetales""",Aucun,"0.000g Protides,0.500g Glucides,100.000g Lipides,7.800g Lipides satures"
1604364,Riz  et carotte,Oignon jaune,"""oignon jaune""",Aucun,"0.400mg Fer,25.000mg Calcium,1.100g Protides,6.250g Glucides,0.620g Lipides,0.200g Lipides satures"
1604364,Riz  et carotte,Persil,"""persil""",Aucun,"218.000mg Calcium,4.670mg Fer,3.630g Protides,3.480g Glucides,0.630g Lipides,0.100g Lipides satures"
1604364,Riz  et carotte,Poivre gris moulu,"""poivre""",Aucun,"11.400g Protides,48.300g Glucides,2.100g Lipides,0.060g Lipides satures"
1604364,Riz  et carotte,Riz long indica etuve,Riz bio,Aucun,"79.000g Glucides,0.200g Lipides satures,0.800g Lipides,7.300g Protides"
1604364,Riz  et carotte,Sel fin,"""sel""",Aucun,Non renseigne
1604365,Yaourt fruits rouges des Alpes,Yaourt fruits rouges brasse des Alpes,""" lait, ferments lactiques, sucre, preparation fruits rouge""","[""Lait""]","127.000mg Calcium,3.610g Protides,14.200g Glucides,2.400g Lipides,1.540g Lipides satures"
1604366,Pain restaurant,pain solette 400gr,Non renseigne,"[""Gluten""]",Non renseigne
1604375,Puree de pommes,Puree de pommes,"""puree de pommes bio""",Aucun,"10.000g Glucides,0.200g Lipides,0.300g Protides"
1604376,Carre frais,Carre frais,Lait biologique,"[""Lait""]","86.000mg Calcium,2.500g Glucides,11.000g Lipides satures,15.000g Lipides,12.000g Protides"
1604377,Pain restaurant,pain solette 400gr,Non renseigne,"[""Gluten""]",Non renseigne
1609917,Betteraves rapees,Ail blanc,"""ail""",Aucun,"38.000mg Calcium,1.400mg Fer,7.000g Protides,24.500g Glucides,0.500g Lipides"
1609917,Betteraves rapees,Betteraves,"""betteraves bio local""",Aucun,"22.100mg Calcium,0.700mg Fer,1.740g Protides,9.100g Glucides,0.240g Lipides,0.038g Lipides satures"
1609917,Betteraves rapees,Eau,"""eau""",Aucun,Non renseigne
1609917,Betteraves rapees,Huile d'olive,"""huile d'olive extra vierge""",Aucun,"14.000g Lipides satures,100.000g Lipides"
1609917,Betteraves rapees,Huile de colza raffinee,"""huile de colza""",Aucun,"7.000g Lipides satures,100.000g Lipides"
1609917,Betteraves rapees,Moutarde de Dijon,"""moutarde""","[""Moutarde"",""Sulfites""]","7.900g Protides,3.500g Glucides,12.000g Lipides,0.900g Lipides satures"
1609917,Betteraves rapees,Oignon blanc frais,"""oignon frais blanc en botte""",Aucun,"0.400mg Fer,25.000mg Calcium,1.100g Protides,6.250g Glucides,0.620g Lipides,0.200g Lipides satures"
1609917,Betteraves rapees,Persil,"""persil""",Aucun,"218.000mg Calcium,4.670mg Fer,3.630g Protides,3.480g Glucides,0.630g Lipides,0.100g Lipides satures"
1609917,Betteraves rapees,Poivre gris moulu,"""poivre""",Aucun,"11.400g Protides,48.300g Glucides,2.100g Lipides,0.060g Lipides satures"
1609917,Betteraves rapees,Sel fin,"""sel""",Aucun,Non renseigne
1609917,Betteraves rapees,Vinaigre de vin rouge,"""vinaigre de vin rouge""","[""Sulfites""]","0.500g Glucides,0.400g Protides,0.070g Lipides satures"
1609918,Parmentier  de poisson,Creme liquide,"""creme? bio""","[""Lait""]","3.000g Glucides,25.000g Lipides satures,35.000g Lipides,2.300g Protides"
1609918,Parmentier  de poisson,Lait,"""lait demi ecreme bio""","[""Lait""]","120.000mg Calcium,3.300g Protides,4.800g Glucides,1.600g Lipides,1.000g Lipides satures"
1609918,Parmentier  de poisson,Pommes de terre,"""pommes de terre bio""",Aucun,"10.000mg Calcium,0.600mg Fer,1.880g Protides,15.900g Glucides,0.300g Lipides,0.058g Lipides satures"
1609918,Parmentier  de poisson,Beurre,"""beurre bbc""","[""Lait""]","22.000mg Calcium,0.700g Protides,0.600g Glucides,82.000g Lipides,55.000g Lipides satures"
1609918,Parmentier  de poisson,Ail blanc,"""ail""",Aucun,"38.000mg Calcium,1.400mg Fer,7.000g Protides,24.500g Glucides,0.500g Lipides"
1609918,Parmentier  de poisson,Plein filet colin lieu,"""filet de colin lieu""","[""Poisson""]","0.010mg Fer,0.010g Glucides,0.060g Lipides satures,0.370g Lipides,19.800g Protides"
1609918,Parmentier  de poisson,Champignons de paris,"""champignons de paris""",Aucun,"2.340g Protides,0.400g Glucides,0.100g Lipides,0.010g Lipides satures"
1609918,Parmentier  de poisson,Emmental rape,"""lait pasteurise de vache""","[""Lait""]","0.500g Glucides,1000.000mg Calcium,28.000g Protides,29.000g Lipides,20.000g Lipides satures"
1609918,Parmentier  de poisson,Fumet de poisson,"""fumet de poisson""","[""Poisson"",""Lait"",""Gluten"",""Oeufs"",""Celeri"",""Crustaces"",""Mollusques"",""Moutarde"",""Soja""]","0.500g Lipides,0.100g Lipides satures,1.500g Glucides,0.500g Protides"
1609918,Parmentier  de poisson,Oignon jaune,"""oignon jaune""",Aucun,"0.400mg Fer,25.000mg Calcium,1.100g Protides,6.250g Glucides,0.620g Lipides,0.200g Lipides satures"
1609918,Parmentier  de poisson,Persil,"""persil""",Aucun,"218.000mg Calcium,4.670mg Fer,3.630g Protides,3.480g Glucides,0.630g Lipides,0.100g Lipides satures"
1609918,Parmentier  de poisson,Poivre gris moulu,"""poivre""",Aucun,"11.400g Protides,48.300g Glucides,2.100g Lipides,0.060g Lipides satures"
1609918,Parmentier  de poisson,Sel fin,"""sel""",Aucun,Non renseigne
1609918,Parmentier  de poisson,Vin blanc de cuisine,"""vin blanc""","[""Sulfites""]","5.640mg Calcium,0.490mg Fer,0.070g Protides,2.580g Glucides"
1609919,Camembert,Camembert,Lait de vache pasteurise,"[""Lait""]","297.000mg Calcium,17.000g Protides,24.000g Lipides,16.000g Lipides satures,0.500g Glucides"
1609920,Poire,Poire,Poire bio local,Aucun,Non renseigne
1609921,Pain restaurant,pain solette 400gr,Non renseigne,"[""Gluten""]",Non renseigne
1609932,Potage aux legumes,Creme liquide,"""creme? bio""","[""Lait""]","3.000g Glucides,25.000g Lipides satures,35.000g Lipides,2.300g Protides"
1609932,Potage aux legumes,Ail blanc,"""ail""",Aucun,"38.000mg Calcium,1.400mg Fer,7.000g Protides,24.500g Glucides,0.500g Lipides"
1609932,Potage aux legumes,Carottes,"""carotte bio local""",Aucun,"32.600mg Calcium,0.310mg Fer,0.770g Protides,6.450g Glucides,0.260g Lipides,0.054g Lipides satures"
1609932,Potage aux legumes,Poireaux,"""poireaux bio local""",Aucun,"50.700mg Calcium,1.500mg Fer,1.590g Protides,4.900g Glucides,0.250g Lipides,0.050g Lipides satures"
1609932,Potage aux legumes,Pommes de terre,"""pommes de terre bio local""",Aucun,"10.000mg Calcium,0.600mg Fer,1.880g Protides,15.900g Glucides,0.300g Lipides,0.058g Lipides satures"
1609932,Potage aux legumes,Beurre rouleau doux,"""beurre""","[""Lait""]","16.500mg Calcium,0.087mg Fer,0.700g Protides,1.000g Glucides,82.000g Lipides,57.000g Lipides satures"
1609932,Potage aux legumes,Eau,"""eau""",Aucun,Non renseigne
1609932,Potage aux legumes,Echalote,"""echalote""",Aucun,"37.000mg Calcium,1.200mg Fer,1.840g Protides,8.350g Glucides,1.430g Lipides,0.230g Lipides satures"
1609932,Potage aux legumes,Oignon jaune,"""oignon jaune""",Aucun,"0.400mg Fer,25.000mg Calcium,1.100g Protides,6.250g Glucides,0.620g Lipides,0.200g Lipides satures"
1609932,Potage aux legumes,Persil,"""persil""",Aucun,"218.000mg Calcium,4.670mg Fer,3.630g Protides,3.480g Glucides,0.630g Lipides,0.100g Lipides satures"
1609932,Potage aux legumes,Poivre gris moulu,"""poivre""",Aucun,"11.400g Protides,48.300g Glucides,2.100g Lipides,0.060g Lipides satures"
1609932,Potage aux legumes,Sel fin,"""sel""",Aucun,Non renseigne
1609933,Parmentier  de poisson,Creme liquide,"""creme? bio""","[""Lait""]","3.000g Glucides,25.000g Lipides satures,35.000g Lipides,2.300g Protides"
1609933,Parmentier  de poisson,Lait,"""lait demi ecreme bio""","[""Lait""]","120.000mg Calcium,3.300g Protides,4.800g Glucides,1.600g Lipides,1.000g Lipides satures"
1609933,Parmentier  de poisson,Pommes de terre,"""pommes de terre bio""",Aucun,"10.000mg Calcium,0.600mg Fer,1.880g Protides,15.900g Glucides,0.300g Lipides,0.058g Lipides satures"
1609933,Parmentier  de poisson,Beurre,"""beurre bbc""","[""Lait""]","22.000mg Calcium,0.700g Protides,0.600g Glucides,82.000g Lipides,55.000g Lipides satures"
1609933,Parmentier  de poisson,Ail blanc,"""ail""",Aucun,"38.000mg Calcium,1.400mg Fer,7.000g Protides,24.500g Glucides,0.500g Lipides"
1609933,Parmentier  de poisson,Plein filet colin lieu,"""filet de colin lieu""","[""Poisson""]","0.010mg Fer,0.010g Glucides,0.060g Lipides satures,0.370g Lipides,19.800g Protides"
1609933,Parmentier  de poisson,Champignons de paris,"""champignons de paris""",Aucun,"2.340g Protides,0.400g Glucides,0.100g Lipides,0.010g Lipides satures"
1609933,Parmentier  de poisson,Emmental rape,"""lait pasteurise de vache""","[""Lait""]","0.500g Glucides,1000.000mg Calcium,28.000g Protides,29.000g Lipides,20.000g Lipides satures"
1609933,Parmentier  de poisson,Fumet de poisson,"""fumet de poisson""","[""Poisson"",""Lait"",""Gluten"",""Oeufs"",""Celeri"",""Crustaces"",""Mollusques"",""Moutarde"",""Soja""]","0.500g Lipides,0.100g Lipides satures,1.500g Glucides,0.500g Protides"
1609933,Parmentier  de poisson,Oignon jaune,"""oignon jaune""",Aucun,"0.400mg Fer,25.000mg Calcium,1.100g Protides,6.250g Glucides,0.620g Lipides,0.200g Lipides satures"
1609933,Parmentier  de poisson,Persil,"""persil""",Aucun,"218.000mg Calcium,4.670mg Fer,3.630g Protides,3.480g Glucides,0.630g Lipides,0.100g Lipides satures"
1609933,Parmentier  de poisson,Poivre gris moulu,"""poivre""",Aucun,"11.400g Protides,48.300g Glucides,2.100g Lipides,0.060g Lipides satures"
1609933,Parmentier  de poisson,Sel fin,"""sel""",Aucun,Non renseigne
1609933,Parmentier  de poisson,Vin blanc de cuisine,"""vin blanc""","[""Sulfites""]","5.640mg Calcium,0.490mg Fer,0.070g Protides,2.580g Glucides"
1609934,Camembert,Camembert,Lait de vache pasteurise,"[""Lait""]","297.000mg Calcium,17.000g Protides,24.000g Lipides,16.000g Lipides satures,0.500g Glucides"
1609935,Poire,Poire,Poire bio local,Aucun,Non renseigne
1609936,Pain restaurant,pain solette 400gr,Non renseigne,"[""Gluten""]",Non renseigne
1609947,Petits suisses nature,Petit suisse nature,Lait ecreme pasteurise,"[""Lait""]","116.000mg Calcium,2.700g Glucides,2.500g Lipides satures,3.800g Lipides,9.100g Protides"
1609948,Biscuit mon 1er petit beurre,Mon premier petit beurre,Petit beurre,"[""Soja"",""Lait"",""Oeufs"",""Gluten"",""Sesame"",""Arachides""]","0.060g Protides,0.070g Glucides,0.120g Lipides,0.070g Lipides satures"
1609949, Banane,Banane,Banane,Aucun,"4.120mg Calcium,0.260mg Fer,0.980g Protides,15.200g Glucides,0.250g Lipides,0.087g Lipides satures"
1610175,Bio barre au chocolat,Barre de chocolat au lait,Barre chocolat au lait bio ,"[""Lait"",""Fruits a coques""]","6.800g Protides,61.000g Glucides,28.000g Lipides,17.000g Lipides satures"
1610176,Fromage blanc,Fromage blanc nature,"""lait demi ecreme bio""","[""Lait""]","73.000mg Calcium,2.300g Lipides satures,7.300g Protides,2.000g Glucides,3.600g Lipides"
1610177,Pain au lait,Pain au lait,"Farine de ble, sucre, oeufs frais","[""Lait"",""Oeufs"",""Gluten"",""Soja"",""Fruits a coques"",""Arachides""]","18.300g Glucides,4.300g Lipides,1.500g Lipides satures,3.100g Protides"
1610189,Boudoirs aux oeufs frais,Boudoirs,"Farine, sucre, oeufs","[""Lait"",""Oeufs"",""Gluten""]","7.000g Protides,81.100g Glucides,2.900g Lipides,0.900g Lipides satures"
1610190,Pomme,Pomme golden,"""pomme bio local""",Aucun,"5.340mg Calcium,0.099mg Fer,0.250g Protides,11.600g Glucides,0.250g Lipides,0.052g Lipides satures"
1610190,Pomme,Citron pulco,"""citron, eau""",Aucun,"0.200g Protides,2.200g Glucides"
1610191,Yaourt brebis,Bio yaourt nature lait brebis,"Lait brebis pasteurise, ferments lactiques","[""Lait""]","5.800g Lipides,180.000mg Calcium,4.800g Protides,3.800g Glucides,3.900g Lipides satures"
1610204,Yaourt brasse à la vanille,<AB> <AGRI> Yaourt brasse vanille,"lait demi ecreme, sucre de canne creme","[""Lait""]","0.010g Glucides,0.400g Lipides satures,2.400g Lipides,4.300g Protides"
1610205,Puree de pomme-poire,Puree de pomme poire,"""pommes, poires""",Aucun,"9.600g Glucides,0.200g Lipides,0.300g Protides"
1610206,Madeleine,Madeleine nature aux oeufs,"Farine de ble,oeufs, sucre","[""Fruits a coques"",""Soja"",""Oeufs"",""Gluten"",""Lait""]","20.800g Glucides,11.200g Lipides,2.200g Protides,0.920g Lipides satures"
1610491,Carottes rapees,Ail blanc,"""ail""",Aucun,"38.000mg Calcium,1.400mg Fer,7.000g Protides,24.500g Glucides,0.500g Lipides"
1610491,Carottes rapees,Carottes,"""carotte bio local""",Aucun,"32.600mg Calcium,0.310mg Fer,0.770g Protides,6.450g Glucides,0.260g Lipides,0.054g Lipides satures"
1610491,Carottes rapees,Citron pulco,"""citron, eau""",Aucun,"0.200g Protides,2.200g Glucides"
1610491,Carottes rapees,Eau,"""eau""",Aucun,Non renseigne
1610491,Carottes rapees,Huile d'olive,"""huile d'olive extra vierge""",Aucun,"14.000g Lipides satures,100.000g Lipides"
1610491,Carottes rapees,Huile de colza raffinee,"""huile de colza""",Aucun,"7.000g Lipides satures,100.000g Lipides"
1610491,Carottes rapees,Moutarde de Dijon,"""moutarde""","[""Moutarde"",""Sulfites""]","7.900g Protides,3.500g Glucides,12.000g Lipides,0.900g Lipides satures"
1610491,Carottes rapees,Oignon blanc frais,"""oignon frais blanc en botte""",Aucun,"0.400mg Fer,25.000mg Calcium,1.100g Protides,6.250g Glucides,0.620g Lipides,0.200g Lipides satures"
1610491,Carottes rapees,Persil,"""persil""",Aucun,"218.000mg Calcium,4.670mg Fer,3.630g Protides,3.480g Glucides,0.630g Lipides,0.100g Lipides satures"
1610491,Carottes rapees,Poivre gris moulu,"""poivre""",Aucun,"11.400g Protides,48.300g Glucides,2.100g Lipides,0.060g Lipides satures"
1610491,Carottes rapees,Sel fin,"""sel""",Aucun,Non renseigne
1610491,Carottes rapees,Vinaigre de vin rouge,"""vinaigre de vin rouge""","[""Sulfites""]","0.500g Glucides,0.400g Protides,0.070g Lipides satures"
1610492,Lasagne d'epinards et ricotta,Creme liquide,"""creme? bio""","[""Lait""]","3.000g Glucides,25.000g Lipides satures,35.000g Lipides,2.300g Protides"
1610492,Lasagne d'epinards et ricotta,Emmental rape,"""lait pasteurise de vache bio""","[""Lait""]","0.500g Glucides,100.000mg Calcium,29.400g Protides,28.800g Lipides,17.300g Lipides satures"
1610492,Lasagne d'epinards et ricotta,Epinards,"""epinards bio""",Aucun,"3.200g Protides,0.500g Glucides,0.500g Lipides,0.100g Lipides satures"
1610492,Lasagne d'epinards et ricotta,Lait,"""lait demi ecreme bio""","[""Lait""]","120.000mg Calcium,3.300g Protides,4.800g Glucides,1.600g Lipides,1.000g Lipides satures"
1610492,Lasagne d'epinards et ricotta,Beurre,"""beurre bbc""","[""Lait""]","22.000mg Calcium,0.700g Protides,0.600g Glucides,82.000g Lipides,55.000g Lipides satures"
1610492,Lasagne d'epinards et ricotta,Ail blanc,"""ail""",Aucun,"38.000mg Calcium,1.400mg Fer,7.000g Protides,24.500g Glucides,0.500g Lipides"
1610492,Lasagne d'epinards et ricotta,Champignons de paris,"""champignons de paris""",Aucun,"2.340g Protides,0.400g Glucides,0.100g Lipides,0.010g Lipides satures"
1610492,Lasagne d'epinards et ricotta,Eau,"""eau""",Aucun,Non renseigne
1610492,Lasagne d'epinards et ricotta,Echalote,"""echalote""",Aucun,"37.000mg Calcium,1.200mg Fer,1.840g Protides,8.350g Glucides,1.430g Lipides,0.230g Lipides satures"
1610492,Lasagne d'epinards et ricotta,Farine de ble,"""farine de ble""","[""Gluten""]","10.300g Protides,68.400g Glucides,0.800g Lipides,0.200g Lipides satures"
1610492,Lasagne d'epinards et ricotta,Huile d'olive,"""huile d'olive extra vierge""",Aucun,"14.000g Lipides satures,100.000g Lipides"
1610492,Lasagne d'epinards et ricotta,LASAGNE 1/2 GASTRONORME BIO 3 KG (M),Pates de ble,"[""Oeufs"",""Gluten"",""Soja"",""Moutarde""]","11.000g Protides,73.000g Glucides,1.300g Lipides,0.300g Lipides satures"
1610492,Lasagne d'epinards et ricotta,Oignon jaune,"""oignon jaune""",Aucun,"0.400mg Fer,25.000mg Calcium,1.100g Protides,6.250g Glucides,0.620g Lipides,0.200g Lipides satures"
1610492,Lasagne d'epinards et ricotta,Poivre gris moulu,"""poivre""",Aucun,"11.400g Protides,48.300g Glucides,2.100g Lipides,0.060g Lipides satures"
1610492,Lasagne d'epinards et ricotta,Ricotta,Lait pasteurise de vache,"[""Lait""]","310.000mg Calcium,3.000g Glucides,8.000g Lipides satures,12.000g Lipides,7.500g Protides"
1610492,Lasagne d'epinards et ricotta,Sel fin,"""sel""",Aucun,Non renseigne
1610492,Lasagne d'epinards et ricotta,Thym entier,Thym,Aucun,"1890.000mg Calcium,124.000mg Fer,9.110g Protides,26.900g Glucides,7.430g Lipides,2.730g Lipides satures"
1610492,Lasagne d'epinards et ricotta,Vin blanc de cuisine,"""vin blanc""","[""Sulfites""]","5.640mg Calcium,0.490mg Fer,0.070g Protides,2.580g Glucides"
1610493,Duo Yaourts,<AB> <AGRI> Yaourt brasse vanille,"lait demi ecreme, sucre de canne creme","[""Lait""]","0.010g Glucides,0.400g Lipides satures,2.400g Lipides,4.300g Protides"
1610493,Duo Yaourts,Yaourt fondant au cacao,"""lait bio et equitable, sucre de canne bio, cacao en poudre bio,creme bio""","[""Lait""]","102.000mg Calcium,16.700g Glucides,2.000g Lipides satures,3.000g Lipides,3.400g Protides"
1610494,Pain restaurant,pain solette 400gr,Non renseigne,"[""Gluten""]",Non renseigne
1610503,Lasagne d'epinards et ricotta,Creme liquide,"""creme? bio""","[""Lait""]","3.000g Glucides,25.000g Lipides satures,35.000g Lipides,2.300g Protides"
1610503,Lasagne d'epinards et ricotta,Emmental rape,"""lait pasteurise de vache bio""","[""Lait""]","0.500g Glucides,100.000mg Calcium,29.400g Protides,28.800g Lipides,17.300g Lipides satures"
1610503,Lasagne d'epinards et ricotta,Epinards,"""epinards bio""",Aucun,"3.200g Protides,0.500g Glucides,0.500g Lipides,0.100g Lipides satures"
1610503,Lasagne d'epinards et ricotta,Lait,"""lait demi ecreme bio""","[""Lait""]","120.000mg Calcium,3.300g Protides,4.800g Glucides,1.600g Lipides,1.000g Lipides satures"
1610503,Lasagne d'epinards et ricotta,Beurre,"""beurre bbc""","[""Lait""]","22.000mg Calcium,0.700g Protides,0.600g Glucides,82.000g Lipides,55.000g Lipides satures"
1610503,Lasagne d'epinards et ricotta,Ail blanc,"""ail""",Aucun,"38.000mg Calcium,1.400mg Fer,7.000g Protides,24.500g Glucides,0.500g Lipides"
1610503,Lasagne d'epinards et ricotta,Champignons de paris,"""champignons de paris""",Aucun,"2.340g Protides,0.400g Glucides,0.100g Lipides,0.010g Lipides satures"
1610503,Lasagne d'epinards et ricotta,Eau,"""eau""",Aucun,Non renseigne
1610503,Lasagne d'epinards et ricotta,Echalote,"""echalote""",Aucun,"37.000mg Calcium,1.200mg Fer,1.840g Protides,8.350g Glucides,1.430g Lipides,0.230g Lipides satures"
1610503,Lasagne d'epinards et ricotta,Farine de ble,"""farine de ble""","[""Gluten""]","10.300g Protides,68.400g Glucides,0.800g Lipides,0.200g Lipides satures"
1610503,Lasagne d'epinards et ricotta,Huile d'olive,"""huile d'olive extra vierge""",Aucun,"14.000g Lipides satures,100.000g Lipides"
1610503,Lasagne d'epinards et ricotta,LASAGNE 1/2 GASTRONORME BIO 3 KG (M),Pates de ble,"[""Oeufs"",""Gluten"",""Soja"",""Moutarde""]","11.000g Protides,73.000g Glucides,1.300g Lipides,0.300g Lipides satures"
1610503,Lasagne d'epinards et ricotta,Oignon jaune,"""oignon jaune""",Aucun,"0.400mg Fer,25.000mg Calcium,1.100g Protides,6.250g Glucides,0.620g Lipides,0.200g Lipides satures"
1610503,Lasagne d'epinards et ricotta,Poivre gris moulu,"""poivre""",Aucun,"11.400g Protides,48.300g Glucides,2.100g Lipides,0.060g Lipides satures"
1610503,Lasagne d'epinards et ricotta,Ricotta,Lait pasteurise de vache,"[""Lait""]","310.000mg Calcium,3.000g Glucides,8.000g Lipides satures,12.000g Lipides,7.500g Protides"
1610503,Lasagne d'epinards et ricotta,Sel fin,"""sel""",Aucun,Non renseigne
1610503,Lasagne d'epinards et ricotta,Thym entier,Thym,Aucun,"1890.000mg Calcium,124.000mg Fer,9.110g Protides,26.900g Glucides,7.430g Lipides,2.730g Lipides satures"
1610503,Lasagne d'epinards et ricotta,Vin blanc de cuisine,"""vin blanc""","[""Sulfites""]","5.640mg Calcium,0.490mg Fer,0.070g Protides,2.580g Glucides"
1610504,Duo Yaourts,<AB> <AGRI> Yaourt brasse vanille,"lait demi ecreme, sucre de canne creme","[""Lait""]","0.010g Glucides,0.400g Lipides satures,2.400g Lipides,4.300g Protides"
1610504,Duo Yaourts,Yaourt fondant au cacao,"""lait bio et equitable, sucre de canne bio, cacao en poudre bio,creme bio""","[""Lait""]","102.000mg Calcium,16.700g Glucides,2.000g Lipides satures,3.000g Lipides,3.400g Protides"
1610505,Pain restaurant,pain solette 400gr,Non renseigne,"[""Gluten""]",Non renseigne
1610694,Daube   de boeuf,Ail blanc,"""ail""",Aucun,"38.000mg Calcium,1.400mg Fer,7.000g Protides,24.500g Glucides,0.500g Lipides"
1610694,Daube   de boeuf,Saute de boeuf Charolais,"""collier, basse côte label rouge""",Aucun,"2.150mg Fer,20.000g Protides,6.000g Lipides,2.000g Lipides satures"
1610694,Daube   de boeuf,Bouquet garnie,"""bouquet garnie""",Aucun,Non renseigne
1610694,Daube   de boeuf,Carottes fines,"""carottes fines""",Aucun,"32.600mg Calcium,0.310mg Fer,0.770g Protides,6.450g Glucides,0.260g Lipides,0.054g Lipides satures"
1610694,Daube   de boeuf,Celeri branche,"""celeri branche""","[""Celeri""]","48.400mg Calcium,0.300mg Fer,0.660g Protides,3.600g Glucides,0.190g Lipides,0.040g Lipides satures"
1610694,Daube   de boeuf,Champignons de paris,"""champignons de paris""",Aucun,"2.340g Protides,0.400g Glucides,0.100g Lipides,0.010g Lipides satures"
1610694,Daube   de boeuf,Concentre de tomate,"""concentre de tomate""",Aucun,"4.800g Protides,14.500g Glucides,1.000g Lipides,0.100g Lipides satures"
1610694,Daube   de boeuf,Eau,"""eau""",Aucun,Non renseigne
1610694,Daube   de boeuf,Farine de ble,"""farine de ble""","[""Gluten""]","10.300g Protides,68.400g Glucides,0.800g Lipides,0.200g Lipides satures"
1610694,Daube   de boeuf,Huile d'olive,"""huile d'olive extra vierge""",Aucun,"14.000g Lipides satures,100.000g Lipides"
1610694,Daube   de boeuf,Huile de cuisson,"""huiles vegetales""",Aucun,"0.000g Protides,0.500g Glucides,100.000g Lipides,7.800g Lipides satures"
1610694,Daube   de boeuf,Oignon jaune,"""oignon jaune""",Aucun,"0.400mg Fer,25.000mg Calcium,1.100g Protides,6.250g Glucides,0.620g Lipides,0.200g Lipides satures"
1610694,Daube   de boeuf,Orange,"""orange""",Aucun,"29.700mg Calcium,0.089mg Fer,1.060g Protides,8.040g Glucides,0.280g Lipides,0.067g Lipides satures"
1610694,Daube   de boeuf,Persil,"""persil""",Aucun,"218.000mg Calcium,4.670mg Fer,3.630g Protides,3.480g Glucides,0.630g Lipides,0.100g Lipides satures"
1610694,Daube   de boeuf,Poivre gris moulu,"""poivre""",Aucun,"11.400g Protides,48.300g Glucides,2.100g Lipides,0.060g Lipides satures"
1610694,Daube   de boeuf,Sel fin,"""sel""",Aucun,Non renseigne
1610694,Daube   de boeuf,Vin blanc de cuisine,"""vin blanc""","[""Sulfites""]","5.640mg Calcium,0.490mg Fer,0.070g Protides,2.580g Glucides"
1610695,Pommes allumettes,Huile pour friture,"""huile de tournesol, pepins de raisin""",Aucun,"100.000g Lipides,10.000g Lipides satures"
1610695,Pommes allumettes,Pommes allumettes,"""pommes de terre""",Aucun,"2.700g Protides,23.300g Glucides,3.600g Lipides,0.400g Lipides satures"
1610695,Pommes allumettes,Sel fin,"""sel""",Aucun,Non renseigne
1610696,Tomme de vache grise,Batavia,"""salade batavia bio local""",Aucun,"64.600mg Calcium,0.820mg Fer,1.300g Protides,1.370g Glucides,0.200g Lipides,0.026g Lipides satures"
1610696,Tomme de vache grise,Tomates cerise,"""tomate cerise bio""",Aucun,"11.000mg Calcium,0.400mg Fer,0.800g Protides,3.000g Glucides,0.400g Lipides,0.054g Lipides satures"
1610696,Tomme de vache grise,Ail blanc,"""ail""",Aucun,"38.000mg Calcium,1.400mg Fer,7.000g Protides,24.500g Glucides,0.500g Lipides"
1610696,Tomme de vache grise,Tomme vache lait de montagne,Lait de vache pasteurise.,"[""Lait""]","760.000mg Calcium,1.000g Glucides,22.000g Lipides satures,30.000g Lipides,25.000g Protides"
1610696,Tomme de vache grise,Eau,"""eau""",Aucun,Non renseigne
1610696,Tomme de vache grise,Huile d'olive,"""huile d'olive extra vierge""",Aucun,"14.000g Lipides satures,100.000g Lipides"
1610696,Tomme de vache grise,Huile de colza raffinee,"""huile de colza""",Aucun,"7.000g Lipides satures,100.000g Lipides"
1610696,Tomme de vache grise,Moutarde de Dijon,"""moutarde""","[""Moutarde"",""Sulfites""]","7.900g Protides,3.500g Glucides,12.000g Lipides,0.900g Lipides satures"
1610696,Tomme de vache grise,Oignon blanc frais,"""oignon frais blanc en botte""",Aucun,"0.400mg Fer,25.000mg Calcium,1.100g Protides,6.250g Glucides,0.620g Lipides,0.200g Lipides satures"
1610696,Tomme de vache grise,Persil,"""persil""",Aucun,"218.000mg Calcium,4.670mg Fer,3.630g Protides,3.480g Glucides,0.630g Lipides,0.100g Lipides satures"
1610696,Tomme de vache grise,Poivre gris moulu,"""poivre""",Aucun,"11.400g Protides,48.300g Glucides,2.100g Lipides,0.060g Lipides satures"
1610696,Tomme de vache grise,Sel fin,"""sel""",Aucun,Non renseigne
1610696,Tomme de vache grise,Vinaigre de vin rouge,"""vinaigre de vin rouge""","[""Sulfites""]","0.500g Glucides,0.400g Protides,0.070g Lipides satures"
1610697,Pain restaurant,pain solette 400gr,Non renseigne,"[""Gluten""]",Non renseigne
1610706,Daube   de boeuf,Ail blanc,"""ail""",Aucun,"38.000mg Calcium,1.400mg Fer,7.000g Protides,24.500g Glucides,0.500g Lipides"
1610706,Daube   de boeuf,Saute de boeuf Charolais,"""collier, basse côte label rouge""",Aucun,"2.150mg Fer,20.000g Protides,6.000g Lipides,2.000g Lipides satures"
1610706,Daube   de boeuf,Bouquet garnie,"""bouquet garnie""",Aucun,Non renseigne
1610706,Daube   de boeuf,Carottes fines,"""carottes fines""",Aucun,"32.600mg Calcium,0.310mg Fer,0.770g Protides,6.450g Glucides,0.260g Lipides,0.054g Lipides satures"
1610706,Daube   de boeuf,Celeri branche,"""celeri branche""","[""Celeri""]","48.400mg Calcium,0.300mg Fer,0.660g Protides,3.600g Glucides,0.190g Lipides,0.040g Lipides satures"
1610706,Daube   de boeuf,Champignons de paris,"""champignons de paris""",Aucun,"2.340g Protides,0.400g Glucides,0.100g Lipides,0.010g Lipides satures"
1610706,Daube   de boeuf,Concentre de tomate,"""concentre de tomate""",Aucun,"4.800g Protides,14.500g Glucides,1.000g Lipides,0.100g Lipides satures"
1610706,Daube   de boeuf,Eau,"""eau""",Aucun,Non renseigne
1610706,Daube   de boeuf,Farine de ble,"""farine de ble""","[""Gluten""]","10.300g Protides,68.400g Glucides,0.800g Lipides,0.200g Lipides satures"
1610706,Daube   de boeuf,Huile d'olive,"""huile d'olive extra vierge""",Aucun,"14.000g Lipides satures,100.000g Lipides"
1610706,Daube   de boeuf,Huile de cuisson,"""huiles vegetales""",Aucun,"0.000g Protides,0.500g Glucides,100.000g Lipides,7.800g Lipides satures"
1610706,Daube   de boeuf,Oignon jaune,"""oignon jaune""",Aucun,"0.400mg Fer,25.000mg Calcium,1.100g Protides,6.250g Glucides,0.620g Lipides,0.200g Lipides satures"
1610706,Daube   de boeuf,Orange,"""orange""",Aucun,"29.700mg Calcium,0.089mg Fer,1.060g Protides,8.040g Glucides,0.280g Lipides,0.067g Lipides satures"
1610706,Daube   de boeuf,Persil,"""persil""",Aucun,"218.000mg Calcium,4.670mg Fer,3.630g Protides,3.480g Glucides,0.630g Lipides,0.100g Lipides satures"
1610706,Daube   de boeuf,Poivre gris moulu,"""poivre""",Aucun,"11.400g Protides,48.300g Glucides,2.100g Lipides,0.060g Lipides satures"
1610706,Daube   de boeuf,Sel fin,"""sel""",Aucun,Non renseigne
1610706,Daube   de boeuf,Vin blanc de cuisine,"""vin blanc""","[""Sulfites""]","5.640mg Calcium,0.490mg Fer,0.070g Protides,2.580g Glucides"
1610707,Puree de patate douce,Patate douce,Patate douce bio local,Aucun,Non renseigne
1610707,Puree de patate douce,Creme liquide,"""creme? bio""","[""Lait""]","3.000g Glucides,25.000g Lipides satures,35.000g Lipides,2.300g Protides"
1610707,Puree de patate douce,Lait,"""lait demi ecreme bio""","[""Lait""]","120.000mg Calcium,3.300g Protides,4.800g Glucides,1.600g Lipides,1.000g Lipides satures"
1610707,Puree de patate douce,Beurre,"""beurre bbc""","[""Lait""]","22.000mg Calcium,0.700g Protides,0.600g Glucides,82.000g Lipides,55.000g Lipides satures"
1610707,Puree de patate douce,Pommes de terre,"""pommes de terre bio local""",Aucun,"10.000mg Calcium,0.600mg Fer,1.880g Protides,15.900g Glucides,0.300g Lipides,0.058g Lipides satures"
1610707,Puree de patate douce,Poivre gris moulu,"""poivre""",Aucun,"11.400g Protides,48.300g Glucides,2.100g Lipides,0.060g Lipides satures"
1610707,Puree de patate douce,Sel fin,"""sel""",Aucun,Non renseigne
1610708,Tomme de vache grise,Batavia,"""salade batavia bio local""",Aucun,"64.600mg Calcium,0.820mg Fer,1.300g Protides,1.370g Glucides,0.200g Lipides,0.026g Lipides satures"
1610708,Tomme de vache grise,Tomates cerise,"""tomate cerise bio""",Aucun,"11.000mg Calcium,0.400mg Fer,0.800g Protides,3.000g Glucides,0.400g Lipides,0.054g Lipides satures"
1610708,Tomme de vache grise,Ail blanc,"""ail""",Aucun,"38.000mg Calcium,1.400mg Fer,7.000g Protides,24.500g Glucides,0.500g Lipides"
1610708,Tomme de vache grise,Tomme vache lait de montagne,Lait de vache pasteurise.,"[""Lait""]","760.000mg Calcium,1.000g Glucides,22.000g Lipides satures,30.000g Lipides,25.000g Protides"
1610708,Tomme de vache grise,Eau,"""eau""",Aucun,Non renseigne
1610708,Tomme de vache grise,Huile d'olive,"""huile d'olive extra vierge""",Aucun,"14.000g Lipides satures,100.000g Lipides"
1610708,Tomme de vache grise,Huile de colza raffinee,"""huile de colza""",Aucun,"7.000g Lipides satures,100.000g Lipides"
1610708,Tomme de vache grise,Moutarde de Dijon,"""moutarde""","[""Moutarde"",""Sulfites""]","7.900g Protides,3.500g Glucides,12.000g Lipides,0.900g Lipides satures"
1610708,Tomme de vache grise,Oignon blanc frais,"""oignon frais blanc en botte""",Aucun,"0.400mg Fer,25.000mg Calcium,1.100g Protides,6.250g Glucides,0.620g Lipides,0.200g Lipides satures"
1610708,Tomme de vache grise,Persil,"""persil""",Aucun,"218.000mg Calcium,4.670mg Fer,3.630g Protides,3.480g Glucides,0.630g Lipides,0.100g Lipides satures"
1610708,Tomme de vache grise,Poivre gris moulu,"""poivre""",Aucun,"11.400g Protides,48.300g Glucides,2.100g Lipides,0.060g Lipides satures"
1610708,Tomme de vache grise,Sel fin,"""sel""",Aucun,Non renseigne
1610708,Tomme de vache grise,Vinaigre de vin rouge,"""vinaigre de vin rouge""","[""Sulfites""]","0.500g Glucides,0.400g Protides,0.070g Lipides satures"
1610709,Pain restaurant,pain solette 400gr,Non renseigne,"[""Gluten""]",Non renseigne
1610914,Potage au pois casse, Pois casse,Pois casses verts,"[""Gluten""]","37.400mg Calcium,5.160mg Fer,22.800g Protides,52.000g Glucides,1.440g Lipides,0.230g Lipides satures"
1610914,Potage au pois casse,Carotte,"""carottes bio france""",Aucun,"32.600mg Calcium,0.310mg Fer,0.770g Protides,6.450g Glucides,0.260g Lipides,0.054g Lipides satures"
1610914,Potage au pois casse,Creme liquide,"""creme? bio""","[""Lait""]","3.000g Glucides,25.000g Lipides satures,35.000g Lipides,2.300g Protides"
1610914,Potage au pois casse,Pain restaurant,"""farine bio, eau, levure, sel""","[""Gluten""]","10.000g Protides,60.000g Glucides,1.500g Lipides"
1610914,Potage au pois casse,Poireaux,"""poireaux bio france""",Aucun,"50.700mg Calcium,1.500mg Fer,1.590g Protides,4.900g Glucides,0.250g Lipides,0.050g Lipides satures"
1610914,Potage au pois casse,Ail blanc,"""ail""",Aucun,"38.000mg Calcium,1.400mg Fer,7.000g Protides,24.500g Glucides,0.500g Lipides"
1610914,Potage au pois casse,Beurre rouleau doux,"""beurre""","[""Lait""]","16.500mg Calcium,0.087mg Fer,0.700g Protides,1.000g Glucides,82.000g Lipides,57.000g Lipides satures"
1610914,Potage au pois casse,Bouquet garnie,"""bouquet garnie""",Aucun,Non renseigne
1610914,Potage au pois casse,Eau,"""eau""",Aucun,Non renseigne
1610914,Potage au pois casse,Echalote,"""echalote""",Aucun,"37.000mg Calcium,1.200mg Fer,1.840g Protides,8.350g Glucides,1.430g Lipides,0.230g Lipides satures"
1610914,Potage au pois casse,Herbes de provence,Assortiments d'herbes   ,"[""Celeri""]","8.800g Protides,22.000g Glucides,12.000g Lipides,5.900g Lipides satures"
1610914,Potage au pois casse,Huile d'olive,"""huile d'olive extra vierge""",Aucun,"14.000g Lipides satures,100.000g Lipides"
1610914,Potage au pois casse,Oignon jaune,"""oignon jaune""",Aucun,"0.400mg Fer,25.000mg Calcium,1.100g Protides,6.250g Glucides,0.620g Lipides,0.200g Lipides satures"
1610914,Potage au pois casse,Persil,"""persil""",Aucun,"218.000mg Calcium,4.670mg Fer,3.630g Protides,3.480g Glucides,0.630g Lipides,0.100g Lipides satures"
1610914,Potage au pois casse,Poivre gris moulu,"""poivre""",Aucun,"11.400g Protides,48.300g Glucides,2.100g Lipides,0.060g Lipides satures"
1610914,Potage au pois casse,Sel fin,"""sel""",Aucun,Non renseigne
1610915,Steak hache,Ail blanc,"""ail""",Aucun,"38.000mg Calcium,1.400mg Fer,7.000g Protides,24.500g Glucides,0.500g Lipides"
1610915,Steak hache,Steak hache,Viande bovine hachee  ,"[""Soja"",""Celeri"",""Gluten"",""Sulfites"",""Lait"",""Oeufs"",""Moutarde""]","2.300mg Fer,19.600g Protides,4.700g Lipides,1.600g Lipides satures"
1610915,Steak hache,Champignons de paris,"""champignons de paris""",Aucun,"2.340g Protides,0.400g Glucides,0.100g Lipides,0.010g Lipides satures"
1610915,Steak hache,Eau,"""eau""",Aucun,Non renseigne
1610915,Steak hache,Fond brun,"""fond brun de veau""","[""Gluten"",""Celeri"",""Oeufs"",""Lait""]","11.000g Protides,47.000g Glucides,9.000g Lipides,6.000g Lipides satures"
1610915,Steak hache,Huile de cuisson,"""huiles vegetales""",Aucun,"0.000g Protides,0.500g Glucides,100.000g Lipides,7.800g Lipides satures"
1610915,Steak hache,Oignon jaune,"""oignon jaune""",Aucun,"0.400mg Fer,25.000mg Calcium,1.100g Protides,6.250g Glucides,0.620g Lipides,0.200g Lipides satures"
1610915,Steak hache,Vin blanc de cuisine,"""vin blanc""","[""Sulfites""]","5.640mg Calcium,0.490mg Fer,0.070g Protides,2.580g Glucides"
1610916,Trio de legumes,Carotte,"""carottes bio france""",Aucun,"32.600mg Calcium,0.310mg Fer,0.770g Protides,6.450g Glucides,0.260g Lipides,0.054g Lipides satures"
1610916,Trio de legumes,Haricots verts, Haricots verts fins issus de l'agriculture biologique,Aucun,"2.300g Protides,5.100g Glucides,0.200g Lipides,0.010g Lipides satures"
1610916,Trio de legumes,Pommes de terre,"""pommes de terre bio france""",Aucun,"10.000mg Calcium,0.600mg Fer,1.880g Protides,15.900g Glucides,0.300g Lipides,0.058g Lipides satures"
1610916,Trio de legumes,Ail blanc,"""ail""",Aucun,"38.000mg Calcium,1.400mg Fer,7.000g Protides,24.500g Glucides,0.500g Lipides"
1610916,Trio de legumes,Beurre rouleau doux,"""beurre""","[""Lait""]","16.500mg Calcium,0.087mg Fer,0.700g Protides,1.000g Glucides,82.000g Lipides,57.000g Lipides satures"
1610916,Trio de legumes,Echalote,"""echalote""",Aucun,"37.000mg Calcium,1.200mg Fer,1.840g Protides,8.350g Glucides,1.430g Lipides,0.230g Lipides satures"
1610916,Trio de legumes,Herbes de provence,Assortiments d'herbes   ,"[""Celeri""]","8.800g Protides,22.000g Glucides,12.000g Lipides,5.900g Lipides satures"
1610916,Trio de legumes,Huile d'olive,"""huile d'olive extra vierge""",Aucun,"14.000g Lipides satures,100.000g Lipides"
1610916,Trio de legumes,Huile de cuisson,"""huiles vegetales""",Aucun,"0.000g Protides,0.500g Glucides,100.000g Lipides,7.800g Lipides satures"
1610916,Trio de legumes,Oignon jaune,"""oignon jaune""",Aucun,"0.400mg Fer,25.000mg Calcium,1.100g Protides,6.250g Glucides,0.620g Lipides,0.200g Lipides satures"
1610916,Trio de legumes,Persil,"""persil""",Aucun,"218.000mg Calcium,4.670mg Fer,3.630g Protides,3.480g Glucides,0.630g Lipides,0.100g Lipides satures"
1610916,Trio de legumes,Poivre gris moulu,"""poivre""",Aucun,"11.400g Protides,48.300g Glucides,2.100g Lipides,0.060g Lipides satures"
1610916,Trio de legumes,Sel fin,"""sel""",Aucun,Non renseigne
1610917,Yaourt nature,Yaourt  Nature,"""lait entier biologique""","[""Lait""]","5.100g Glucides,0.700g Lipides satures,1.000g Lipides,3.800g Protides,136.000mg Calcium"
1610918,Pain restaurant,pain solette 400gr,Non renseigne,"[""Gluten""]",Non renseigne
1610929,Potage au pois casse, Pois casse,Pois casses verts,"[""Gluten""]","37.400mg Calcium,5.160mg Fer,22.800g Protides,52.000g Glucides,1.440g Lipides,0.230g Lipides satures"
1610929,Potage au pois casse,Carotte,"""carottes bio france""",Aucun,"32.600mg Calcium,0.310mg Fer,0.770g Protides,6.450g Glucides,0.260g Lipides,0.054g Lipides satures"
1610929,Potage au pois casse,Creme liquide,"""creme? bio""","[""Lait""]","3.000g Glucides,25.000g Lipides satures,35.000g Lipides,2.300g Protides"
1610929,Potage au pois casse,Pain restaurant,"""farine bio, eau, levure, sel""","[""Gluten""]","10.000g Protides,60.000g Glucides,1.500g Lipides"
1610929,Potage au pois casse,Poireaux,"""poireaux bio france""",Aucun,"50.700mg Calcium,1.500mg Fer,1.590g Protides,4.900g Glucides,0.250g Lipides,0.050g Lipides satures"
1610929,Potage au pois casse,Ail blanc,"""ail""",Aucun,"38.000mg Calcium,1.400mg Fer,7.000g Protides,24.500g Glucides,0.500g Lipides"
1610929,Potage au pois casse,Beurre rouleau doux,"""beurre""","[""Lait""]","16.500mg Calcium,0.087mg Fer,0.700g Protides,1.000g Glucides,82.000g Lipides,57.000g Lipides satures"
1610929,Potage au pois casse,Bouquet garnie,"""bouquet garnie""",Aucun,Non renseigne
1610929,Potage au pois casse,Eau,"""eau""",Aucun,Non renseigne
1610929,Potage au pois casse,Echalote,"""echalote""",Aucun,"37.000mg Calcium,1.200mg Fer,1.840g Protides,8.350g Glucides,1.430g Lipides,0.230g Lipides satures"
1610929,Potage au pois casse,Herbes de provence,Assortiments d'herbes   ,"[""Celeri""]","8.800g Protides,22.000g Glucides,12.000g Lipides,5.900g Lipides satures"
1610929,Potage au pois casse,Huile d'olive,"""huile d'olive extra vierge""",Aucun,"14.000g Lipides satures,100.000g Lipides"
1610929,Potage au pois casse,Oignon jaune,"""oignon jaune""",Aucun,"0.400mg Fer,25.000mg Calcium,1.100g Protides,6.250g Glucides,0.620g Lipides,0.200g Lipides satures"
1610929,Potage au pois casse,Persil,"""persil""",Aucun,"218.000mg Calcium,4.670mg Fer,3.630g Protides,3.480g Glucides,0.630g Lipides,0.100g Lipides satures"
1610929,Potage au pois casse,Poivre gris moulu,"""poivre""",Aucun,"11.400g Protides,48.300g Glucides,2.100g Lipides,0.060g Lipides satures"
1610929,Potage au pois casse,Sel fin,"""sel""",Aucun,Non renseigne
1610930,Steak hache,Ail blanc,"""ail""",Aucun,"38.000mg Calcium,1.400mg Fer,7.000g Protides,24.500g Glucides,0.500g Lipides"
1610930,Steak hache,Steak hache,Viande bovine hachee  ,"[""Soja"",""Celeri"",""Gluten"",""Sulfites"",""Lait"",""Oeufs"",""Moutarde""]","2.300mg Fer,19.600g Protides,4.700g Lipides,1.600g Lipides satures"
1610930,Steak hache,Champignons de paris,"""champignons de paris""",Aucun,"2.340g Protides,0.400g Glucides,0.100g Lipides,0.010g Lipides satures"
1610930,Steak hache,Eau,"""eau""",Aucun,Non renseigne
1610930,Steak hache,Fond brun,"""fond brun de veau""","[""Gluten"",""Celeri"",""Oeufs"",""Lait""]","11.000g Protides,47.000g Glucides,9.000g Lipides,6.000g Lipides satures"
1610930,Steak hache,Huile de cuisson,"""huiles vegetales""",Aucun,"0.000g Protides,0.500g Glucides,100.000g Lipides,7.800g Lipides satures"
1610930,Steak hache,Oignon jaune,"""oignon jaune""",Aucun,"0.400mg Fer,25.000mg Calcium,1.100g Protides,6.250g Glucides,0.620g Lipides,0.200g Lipides satures"
1610930,Steak hache,Vin blanc de cuisine,"""vin blanc""","[""Sulfites""]","5.640mg Calcium,0.490mg Fer,0.070g Protides,2.580g Glucides"
1610931,Trio de legumes,Carotte,"""carottes bio france""",Aucun,"32.600mg Calcium,0.310mg Fer,0.770g Protides,6.450g Glucides,0.260g Lipides,0.054g Lipides satures"
1610931,Trio de legumes,Haricots verts, Haricots verts fins issus de l'agriculture biologique,Aucun,"2.300g Protides,5.100g Glucides,0.200g Lipides,0.010g Lipides satures"
1610931,Trio de legumes,Pommes de terre,"""pommes de terre bio france""",Aucun,"10.000mg Calcium,0.600mg Fer,1.880g Protides,15.900g Glucides,0.300g Lipides,0.058g Lipides satures"
1610931,Trio de legumes,Ail blanc,"""ail""",Aucun,"38.000mg Calcium,1.400mg Fer,7.000g Protides,24.500g Glucides,0.500g Lipides"
1610931,Trio de legumes,Beurre rouleau doux,"""beurre""","[""Lait""]","16.500mg Calcium,0.087mg Fer,0.700g Protides,1.000g Glucides,82.000g Lipides,57.000g Lipides satures"
1610931,Trio de legumes,Echalote,"""echalote""",Aucun,"37.000mg Calcium,1.200mg Fer,1.840g Protides,8.350g Glucides,1.430g Lipides,0.230g Lipides satures"
1610931,Trio de legumes,Herbes de provence,Assortiments d'herbes   ,"[""Celeri""]","8.800g Protides,22.000g Glucides,12.000g Lipides,5.900g Lipides satures"
1610931,Trio de legumes,Huile d'olive,"""huile d'olive extra vierge""",Aucun,"14.000g Lipides satures,100.000g Lipides"
1610931,Trio de legumes,Huile de cuisson,"""huiles vegetales""",Aucun,"0.000g Protides,0.500g Glucides,100.000g Lipides,7.800g Lipides satures"
1610931,Trio de legumes,Oignon jaune,"""oignon jaune""",Aucun,"0.400mg Fer,25.000mg Calcium,1.100g Protides,6.250g Glucides,0.620g Lipides,0.200g Lipides satures"
1610931,Trio de legumes,Persil,"""persil""",Aucun,"218.000mg Calcium,4.670mg Fer,3.630g Protides,3.480g Glucides,0.630g Lipides,0.100g Lipides satures"
1610931,Trio de legumes,Poivre gris moulu,"""poivre""",Aucun,"11.400g Protides,48.300g Glucides,2.100g Lipides,0.060g Lipides satures"
1610931,Trio de legumes,Sel fin,"""sel""",Aucun,Non renseigne
1610932,Yaourt nature,Yaourt  Nature,"""lait entier biologique""","[""Lait""]","5.100g Glucides,0.700g Lipides satures,1.000g Lipides,3.800g Protides,136.000mg Calcium"
1610933,Pain restaurant,pain solette 400gr,Non renseigne,"[""Gluten""]",Non renseigne
1611191,Kiwi,KIWI,Kiwi,Aucun,"0.130g Lipides satures,0.880g Protides,11.000g Glucides,0.600g Lipides,29.000mg Calcium,0.160mg Fer"
1611208,Kiwi,KIWI,Kiwi,Aucun,"0.130g Lipides satures,0.880g Protides,11.000g Glucides,0.600g Lipides,29.000mg Calcium,0.160mg Fer"
